Entity,Code,Year,"Total including LUCF (per capita) (CAIT, 2020)"
Afghanistan,AFG,1990,0.234450532
Afghanistan,AFG,1991,0.200766975
Afghanistan,AFG,1992,0.095264393
Afghanistan,AFG,1993,0.08282228
Afghanistan,AFG,1994,0.073787772
Afghanistan,AFG,1995,0.066810226
Afghanistan,AFG,1996,0.06046783
Afghanistan,AFG,1997,0.054760552
Afghanistan,AFG,1998,0.050663694
Afghanistan,AFG,1999,0.039165138
Afghanistan,AFG,2000,0.036092397
Afghanistan,AFG,2001,0.036562225
Afghanistan,AFG,2002,0.04690058
Afghanistan,AFG,2003,0.050251256
Afghanistan,AFG,2004,0.038015125
Afghanistan,AFG,2005,0.051453964
Afghanistan,AFG,2006,0.062421973
Afghanistan,AFG,2007,0.083391757
Afghanistan,AFG,2008,0.15150422
Afghanistan,AFG,2009,0.238070083
Afghanistan,AFG,2010,0.289522374
Afghanistan,AFG,2011,0.406082943
Afghanistan,AFG,2012,0.344661596
Afghanistan,AFG,2013,0.309885342
Afghanistan,AFG,2014,0.293368494
Afghanistan,AFG,2015,0.225489626
Afghanistan,AFG,2016,0.242206709
Albania,ALB,1990,1.871576385
Albania,ALB,1991,1.274390244
Albania,ALB,1992,0.702402957
Albania,ALB,1993,0.682316119
Albania,ALB,1994,0.695900858
Albania,ALB,1995,0.636042403
Albania,ALB,1996,0.671184253
Albania,ALB,1997,0.493548387
Albania,ALB,1998,0.617164899
Albania,ALB,1999,0.970220941
Albania,ALB,2000,1.04506232
Albania,ALB,2001,1.297124601
Albania,ALB,2002,1.487523992
Albania,ALB,2003,1.584348942
Albania,ALB,2004,1.655394525
Albania,ALB,2005,1.587301587
Albania,ALB,2006,1.24387855
Albania,ALB,2007,1.331575478
Albania,ALB,2008,1.302031302
Albania,ALB,2009,1.379078372
Albania,ALB,2010,1.458616011
Albania,ALB,2011,1.58757255
Albania,ALB,2012,1.441317776
Albania,ALB,2013,1.497933884
Albania,ALB,2014,1.657458564
Albania,ALB,2015,1.560013836
Albania,ALB,2016,1.524601525
Algeria,DZA,1990,2.670911138
Algeria,DZA,1991,2.56780303
Algeria,DZA,1992,2.481870653
Algeria,DZA,1993,2.690331452
Algeria,DZA,1994,2.566456369
Algeria,DZA,1995,2.56971973
Algeria,DZA,1996,2.470443518
Algeria,DZA,1997,2.478566385
Algeria,DZA,1998,2.496936376
Algeria,DZA,1999,2.560167195
Algeria,DZA,2000,2.559757748
Algeria,DZA,2001,2.393170546
Algeria,DZA,2002,2.539004866
Algeria,DZA,2003,2.614988842
Algeria,DZA,2004,2.613177536
Algeria,DZA,2005,2.700754148
Algeria,DZA,2006,2.587616302
Algeria,DZA,2007,2.74533907
Algeria,DZA,2008,2.823702168
Algeria,DZA,2009,3.007584763
Algeria,DZA,2010,2.953275704
Algeria,DZA,2011,3.207768473
Algeria,DZA,2012,3.368018404
Algeria,DZA,2013,3.391190351
Algeria,DZA,2014,3.555646902
Algeria,DZA,2015,3.684806685
Algeria,DZA,2016,3.540973096
Andorra,AND,1990,7.090909091
Andorra,AND,1991,6.842105263
Andorra,AND,1992,6.610169492
Andorra,AND,1993,6.393442623
Andorra,AND,1994,6.19047619
Andorra,AND,1995,6.40625
Andorra,AND,1996,6.71875
Andorra,AND,1997,7.03125
Andorra,AND,1998,7.34375
Andorra,AND,1999,7.65625
Andorra,AND,2000,7.692307692
Andorra,AND,2001,7.462686567
Andorra,AND,2002,7.142857143
Andorra,AND,2003,6.98630137
Andorra,AND,2004,6.973684211
Andorra,AND,2005,6.962025316
Andorra,AND,2006,6.296296296
Andorra,AND,2007,6.024096386
Andorra,AND,2008,5.952380952
Andorra,AND,2009,5.714285714
Andorra,AND,2010,5.714285714
Andorra,AND,2011,5.595238095
Andorra,AND,2012,5.731707317
Andorra,AND,2013,5.555555556
Andorra,AND,2014,5.569620253
Andorra,AND,2015,-0.256410256
Andorra,AND,2016,-0.25974026
Angola,AGO,1990,7.856178258
Angola,AGO,1991,7.616131929
Angola,AGO,1992,7.359563878
Angola,AGO,1993,7.162523901
Angola,AGO,1994,6.922393365
Angola,AGO,1995,6.994621728
Angola,AGO,1996,6.503020624
Angola,AGO,1997,6.125605164
Angola,AGO,1998,6.208333333
Angola,AGO,1999,5.802609189
Angola,AGO,2000,5.793229643
Angola,AGO,2001,4.939808804
Angola,AGO,2002,5.741195274
Angola,AGO,2003,6.106175156
Angola,AGO,2004,6.330632264
Angola,AGO,2005,5.998765051
Angola,AGO,2006,4.959801489
Angola,AGO,2007,5.709160488
Angola,AGO,2008,4.804111357
Angola,AGO,2009,4.805454384
Angola,AGO,2010,4.767083405
Angola,AGO,2011,5.609182115
Angola,AGO,2012,4.400589454
Angola,AGO,2013,4.720940959
Angola,AGO,2014,4.093608492
Angola,AGO,2015,4.511547841
Angola,AGO,2016,3.714721587
Antigua and Barbuda,ATG,1990,4.126984127
Antigua and Barbuda,ATG,1991,3.968253968
Antigua and Barbuda,ATG,1992,3.90625
Antigua and Barbuda,ATG,1993,3.787878788
Antigua and Barbuda,ATG,1994,3.731343284
Antigua and Barbuda,ATG,1995,3.768115942
Antigua and Barbuda,ATG,1996,4
Antigua and Barbuda,ATG,1997,4.027777778
Antigua and Barbuda,ATG,1998,4.109589041
Antigua and Barbuda,ATG,1999,4.133333333
Antigua and Barbuda,ATG,2000,4.342105263
Antigua and Barbuda,ATG,2001,4.415584416
Antigua and Barbuda,ATG,2002,4.743589744
Antigua and Barbuda,ATG,2003,5.063291139
Antigua and Barbuda,ATG,2004,5.25
Antigua and Barbuda,ATG,2005,5.185185185
Antigua and Barbuda,ATG,2006,6.506024096
Antigua and Barbuda,ATG,2007,6.666666667
Antigua and Barbuda,ATG,2008,6.705882353
Antigua and Barbuda,ATG,2009,6.896551724
Antigua and Barbuda,ATG,2010,7.045454545
Antigua and Barbuda,ATG,2011,5.842696629
Antigua and Barbuda,ATG,2012,5.888888889
Antigua and Barbuda,ATG,2013,5.760869565
Antigua and Barbuda,ATG,2014,5.806451613
Antigua and Barbuda,ATG,2015,7.872340426
Antigua and Barbuda,ATG,2016,7.894736842
Argentina,ARG,1990,5.393788896
Argentina,ARG,1991,5.474167901
Argentina,ARG,1992,5.460347759
Argentina,ARG,1993,5.425669709
Argentina,ARG,1994,5.581780659
Argentina,ARG,1995,5.568795222
Argentina,ARG,1996,5.691142257
Argentina,ARG,1997,5.718933169
Argentina,ARG,1998,5.789313146
Argentina,ARG,1999,5.796747745
Argentina,ARG,2000,5.68929511
Argentina,ARG,2001,5.874825625
Argentina,ARG,2002,5.757921554
Argentina,ARG,2003,5.927326192
Argentina,ARG,2004,6.489140601
Argentina,ARG,2005,6.381353971
Argentina,ARG,2006,7.008144566
Argentina,ARG,2007,6.940076605
Argentina,ARG,2008,7.220309381
Argentina,ARG,2009,7.039004026
Argentina,ARG,2010,6.786971831
Argentina,ARG,2011,6.881413359
Argentina,ARG,2012,7.089689858
Argentina,ARG,2013,6.729784814
Argentina,ARG,2014,6.71396407
Argentina,ARG,2015,6.722692977
Argentina,ARG,2016,6.713477981
Armenia,ARM,1990,5.63312606
Armenia,ARM,1991,5.942938659
Armenia,ARM,1992,3.171652629
Armenia,ARM,1993,1.510556051
Armenia,ARM,1994,0.87088916
Armenia,ARM,1995,1.115946534
Armenia,ARM,1996,0.820707071
Armenia,ARM,1997,1.113948292
Armenia,ARM,1998,1.167577999
Armenia,ARM,1999,1.032696666
Armenia,ARM,2000,1.195439739
Armenia,ARM,2001,1.232382825
Armenia,ARM,2002,1.064601187
Armenia,ARM,2003,1.206096753
Armenia,ARM,2004,1.306231256
Armenia,ARM,2005,1.526333445
Armenia,ARM,2006,1.575388776
Armenia,ARM,2007,1.81725196
Armenia,ARM,2008,2.008253095
Armenia,ARM,2009,1.617036011
Armenia,ARM,2010,1.532846715
Armenia,ARM,2011,1.675356274
Armenia,ARM,2012,1.917475728
Armenia,ARM,2013,1.839199448
Armenia,ARM,2014,1.826923077
Armenia,ARM,2015,1.647300068
Armenia,ARM,2016,1.709809264
Australia,AUS,1990,15.35817464
Australia,AUS,1991,15.21729013
Australia,AUS,1992,15.24537409
Australia,AUS,1993,15.29739249
Australia,AUS,1994,15.48120681
Australia,AUS,1995,15.88840104
Australia,AUS,1996,16.26807411
Australia,AUS,1997,16.4746832
Australia,AUS,1998,17.42831011
Australia,AUS,1999,17.51649989
Australia,AUS,2000,17.64941288
Australia,AUS,2001,20.40218807
Australia,AUS,2002,20.52523066
Australia,AUS,2003,20.55799022
Australia,AUS,2004,20.80080483
Australia,AUS,2005,20.76118737
Australia,AUS,2006,18.64026113
Australia,AUS,2007,18.7416332
Australia,AUS,2008,18.42771423
Australia,AUS,2009,18.42719875
Australia,AUS,2010,17.69307154
Australia,AUS,2011,14.23063271
Australia,AUS,2012,13.98663989
Australia,AUS,2013,13.67232853
Australia,AUS,2014,12.99881336
Australia,AUS,2015,13.05866622
Australia,AUS,2016,13.43774471
Austria,AUT,1990,5.985240808
Austria,AUT,1991,6.483983018
Austria,AUT,1992,5.835780871
Austria,AUT,1993,5.807146477
Austria,AUT,1994,5.826097899
Austria,AUT,1995,6.14893617
Austria,AUT,1996,6.601396857
Austria,AUT,1997,6.505664135
Austria,AUT,1998,6.553911205
Austria,AUT,1999,6.334616818
Austria,AUT,2000,6.383690668
Austria,AUT,2001,7.4932082
Austria,AUT,2002,7.634620113
Austria,AUT,2003,8.220401174
Austria,AUT,2004,8.34489473
Austria,AUT,2005,8.342621759
Austria,AUT,2006,8.382619191
Austria,AUT,2007,8.085157566
Austria,AUT,2008,8.023255814
Austria,AUT,2009,7.200525499
Austria,AUT,2010,7.802615933
Austria,AUT,2011,7.49112846
Austria,AUT,2012,7.143025171
Austria,AUT,2013,7.178588125
Austria,AUT,2014,6.709228091
Austria,AUT,2015,6.816453508
Austria,AUT,2016,6.81262147
Azerbaijan,AZE,1990,7.779925445
Azerbaijan,AZE,1991,8.953519978
Azerbaijan,AZE,1992,5.813704497
Azerbaijan,AZE,1993,6.912424162
Azerbaijan,AZE,1994,6.045028631
Azerbaijan,AZE,1995,5.742765273
Azerbaijan,AZE,1996,4.996181263
Azerbaijan,AZE,1997,4.838506182
Azerbaijan,AZE,1998,4.790988736
Azerbaijan,AZE,1999,4.677179041
Azerbaijan,AZE,2000,4.782715745
Azerbaijan,AZE,2001,4.60412346
Azerbaijan,AZE,2002,4.490757521
Azerbaijan,AZE,2003,3.989953355
Azerbaijan,AZE,2004,3.922357675
Azerbaijan,AZE,2005,4.179646329
Azerbaijan,AZE,2006,3.095017381
Azerbaijan,AZE,2007,2.29825768
Azerbaijan,AZE,2008,2.506234414
Azerbaijan,AZE,2009,1.978933214
Azerbaijan,AZE,2010,1.843445527
Azerbaijan,AZE,2011,2.214082659
Azerbaijan,AZE,2012,2.43712898
Azerbaijan,AZE,2013,2.486947256
Azerbaijan,AZE,2014,2.592047128
Azerbaijan,AZE,2015,2.548061935
Azerbaijan,AZE,2016,2.580115037
Bahamas,BHS,1990,1.953125
Bahamas,BHS,1991,1.264367816
Bahamas,BHS,1992,1.278195489
Bahamas,BHS,1993,0.885608856
Bahamas,BHS,1994,0.833333333
Bahamas,BHS,1995,0.821428571
Bahamas,BHS,1996,0.774647887
Bahamas,BHS,1997,-0.31358885
Bahamas,BHS,1998,0.790378007
Bahamas,BHS,1999,0.74829932
Bahamas,BHS,2000,0.738255034
Bahamas,BHS,2001,1.98019802
Bahamas,BHS,2002,1.980519481
Bahamas,BHS,2003,1.757188498
Bahamas,BHS,2004,2.382445141
Bahamas,BHS,2005,2.369230769
Bahamas,BHS,2006,19.8489426
Bahamas,BHS,2007,19.58456973
Bahamas,BHS,2008,18.63372093
Bahamas,BHS,2009,18.71428571
Bahamas,BHS,2010,18.47887324
Bahamas,BHS,2011,6.138888889
Bahamas,BHS,2012,6.346153846
Bahamas,BHS,2013,8.583106267
Bahamas,BHS,2014,7.4393531
Bahamas,BHS,2015,8.823529412
Bahamas,BHS,2016,9.100529101
Bahrain,BHR,1990,21.69354839
Bahrain,BHR,1991,20.31372549
Bahrain,BHR,1992,23.49904398
Bahrain,BHR,1993,24.42164179
Bahrain,BHR,1994,24.34545455
Bahrain,BHR,1995,24.07801418
Bahrain,BHR,1996,24.47322971
Bahrain,BHR,1997,24.13445378
Bahrain,BHR,1998,25.22801303
Bahrain,BHR,1999,24.2700157
Bahrain,BHR,2000,23.80451128
Bahrain,BHR,2001,23.53868195
Bahrain,BHR,2002,23.42857143
Bahrain,BHR,2003,23.02952503
Bahrain,BHR,2004,21.61445783
Bahrain,BHR,2005,23.31833521
Bahrain,BHR,2006,23.52818372
Bahrain,BHR,2007,22.23938224
Bahrain,BHR,2008,22.19730942
Bahrain,BHR,2009,20.88607595
Bahrain,BHR,2010,20.97502015
Bahrain,BHR,2011,20.39123631
Bahrain,BHR,2012,20.43846154
Bahrain,BHR,2013,21.878327
Bahrain,BHR,2014,22.61976048
Bahrain,BHR,2015,22.31778426
Bahrain,BHR,2016,21.12201964
Bangladesh,BGD,1990,0.340305509
Bangladesh,BGD,1991,0.326518244
Bangladesh,BGD,1992,0.327641132
Bangladesh,BGD,1993,0.32786291
Bangladesh,BGD,1994,0.329879899
Bangladesh,BGD,1995,0.348962403
Bangladesh,BGD,1996,0.341436464
Bangladesh,BGD,1997,0.351861253
Bangladesh,BGD,1998,0.348540548
Bangladesh,BGD,1999,0.350027958
Bangladesh,BGD,2000,0.356421063
Bangladesh,BGD,2001,0.376357724
Bangladesh,BGD,2002,0.382705053
Bangladesh,BGD,2003,0.385334441
Bangladesh,BGD,2004,0.399018878
Bangladesh,BGD,2005,0.402485687
Bangladesh,BGD,2006,0.349060841
Bangladesh,BGD,2007,0.358334502
Bangladesh,BGD,2008,0.39596962
Bangladesh,BGD,2009,0.412472183
Bangladesh,BGD,2010,0.461934584
Bangladesh,BGD,2011,0.531442419
Bangladesh,BGD,2012,0.546468352
Bangladesh,BGD,2013,0.561465325
Bangladesh,BGD,2014,0.576894482
Bangladesh,BGD,2015,0.62525599
Bangladesh,BGD,2016,0.630408256
Barbados,BRB,1990,3.98467433
Barbados,BRB,1991,4.465648855
Barbados,BRB,1992,3.6121673
Barbados,BRB,1993,4.128787879
Barbados,BRB,1994,2.754716981
Barbados,BRB,1995,3.045112782
Barbados,BRB,1996,3.071161049
Barbados,BRB,1997,3.246268657
Barbados,BRB,1998,4.089219331
Barbados,BRB,1999,4.333333333
Barbados,BRB,2000,4.227941176
Barbados,BRB,2001,4.375
Barbados,BRB,2002,4.358974359
Barbados,BRB,2003,4.489051095
Barbados,BRB,2004,4.545454545
Barbados,BRB,2005,4.746376812
Barbados,BRB,2006,5.054151625
Barbados,BRB,2007,4.982078853
Barbados,BRB,2008,5.892857143
Barbados,BRB,2009,5.871886121
Barbados,BRB,2010,5.496453901
Barbados,BRB,2011,5.335689046
Barbados,BRB,2012,5.246478873
Barbados,BRB,2013,5.176056338
Barbados,BRB,2014,4.456140351
Barbados,BRB,2015,6.210526316
Barbados,BRB,2016,6.433566434
Belarus,BLR,1990,8.676977638
Belarus,BLR,1991,8.304300758
Belarus,BLR,1992,7.535946425
Belarus,BLR,1993,6.410458806
Belarus,BLR,1994,5.27700831
Belarus,BLR,1995,4.592180988
Belarus,BLR,1996,4.617222499
Belarus,BLR,1997,4.687780997
Belarus,BLR,1998,4.526579739
Belarus,BLR,1999,4.333937928
Belarus,BLR,2000,4.146069692
Belarus,BLR,2001,3.245336867
Belarus,BLR,2002,3.829263288
Belarus,BLR,2003,3.534456039
Belarus,BLR,2004,3.699698451
Belarus,BLR,2005,3.81614725
Belarus,BLR,2006,3.268887254
Belarus,BLR,2007,3.009176247
Belarus,BLR,2008,3.315349624
Belarus,BLR,2009,3.013887417
Belarus,BLR,2010,3.445494109
Belarus,BLR,2011,5.885289432
Belarus,BLR,2012,6.199426569
Belarus,BLR,2013,6.069609508
Belarus,BLR,2014,6.132315522
Belarus,BLR,2015,5.683864816
Belarus,BLR,2016,5.528265933
Belgium,BEL,1990,10.52163486
Belgium,BEL,1991,10.96224724
Belgium,BEL,1992,10.76205596
Belgium,BEL,1993,10.51981421
Belgium,BEL,1994,10.96396219
Belgium,BEL,1995,10.88945612
Belgium,BEL,1996,11.35188088
Belgium,BEL,1997,11.04557903
Belgium,BEL,1998,11.28650972
Belgium,BEL,1999,10.88054608
Belgium,BEL,2000,11.06788563
Belgium,BEL,2001,11.11929451
Belgium,BEL,2002,10.35021708
Belgium,BEL,2003,10.75055188
Belgium,BEL,2004,10.55438931
Belgium,BEL,2005,10.14601308
Belgium,BEL,2006,9.964215086
Belgium,BEL,2007,9.551318003
Belgium,BEL,2008,9.651173578
Belgium,BEL,2009,8.921731123
Belgium,BEL,2010,9.46887284
Belgium,BEL,2011,8.435627383
Belgium,BEL,2012,8.319350474
Belgium,BEL,2013,8.375470683
Belgium,BEL,2014,7.781837626
Belgium,BEL,2015,8.170623671
Belgium,BEL,2016,8.042099701
Belize,BLZ,1990,32.87234043
Belize,BLZ,1991,32.61780105
Belize,BLZ,1992,32.06185567
Belize,BLZ,1993,31.51515152
Belize,BLZ,1994,30.89108911
Belize,BLZ,1995,30.14492754
Belize,BLZ,1996,23.22429907
Belize,BLZ,1997,21.98198198
Belize,BLZ,1998,21.95652174
Belize,BLZ,1999,20.83682008
Belize,BLZ,2000,20.20242915
Belize,BLZ,2001,25.33333333
Belize,BLZ,2002,31.10687023
Belize,BLZ,2003,30.37174721
Belize,BLZ,2004,22.59927798
Belize,BLZ,2005,27.74647887
Belize,BLZ,2006,22.19931271
Belize,BLZ,2007,26.48829431
Belize,BLZ,2008,22.47557003
Belize,BLZ,2009,19.23809524
Belize,BLZ,2010,23.54037267
Belize,BLZ,2011,14
Belize,BLZ,2012,7.159763314
Belize,BLZ,2013,15.1734104
Belize,BLZ,2014,7.195467422
Belize,BLZ,2015,10.11080332
Belize,BLZ,2016,9.184782609
Benin,BEN,1990,3.053435115
Benin,BEN,1991,2.934550398
Benin,BEN,1992,2.837584396
Benin,BEN,1993,2.749003984
Benin,BEN,1994,2.654882744
Benin,BEN,1995,2.575347105
Benin,BEN,1996,2.595996062
Benin,BEN,1997,2.556510665
Benin,BEN,1998,2.482225657
Benin,BEN,1999,2.424969988
Benin,BEN,2000,2.371103991
Benin,BEN,2001,1.742263671
Benin,BEN,2002,1.731322824
Benin,BEN,2003,1.719186278
Benin,BEN,2004,1.681290323
Benin,BEN,2005,1.670007517
Benin,BEN,2006,1.74272849
Benin,BEN,2007,1.767001774
Benin,BEN,2008,1.708635162
Benin,BEN,2009,1.703745109
Benin,BEN,2010,1.700184803
Benin,BEN,2011,1.638304619
Benin,BEN,2012,1.569534382
Benin,BEN,2013,1.548225887
Benin,BEN,2014,1.543695927
Benin,BEN,2015,1.563918306
Benin,BEN,2016,1.558130979
Bhutan,BTN,1990,-7.495291902
Bhutan,BTN,1991,-7.345794393
Bhutan,BTN,1992,-7.289719626
Bhutan,BTN,1993,-7.373358349
Bhutan,BTN,1994,-7.34962406
Bhutan,BTN,1995,-7.23364486
Bhutan,BTN,1996,-7.07948244
Bhutan,BTN,1997,-6.757246377
Bhutan,BTN,1998,-6.631205674
Bhutan,BTN,1999,-6.470588235
Bhutan,BTN,2000,-6.311336717
Bhutan,BTN,2001,-6.67218543
Bhutan,BTN,2002,-6.493506494
Bhutan,BTN,2003,-6.433121019
Bhutan,BTN,2004,-6.431924883
Bhutan,BTN,2005,-6.194144838
Bhutan,BTN,2006,-3.896499239
Bhutan,BTN,2007,-3.84962406
Bhutan,BTN,2008,-3.779761905
Bhutan,BTN,2009,-3.790560472
Bhutan,BTN,2010,-3.60058309
Bhutan,BTN,2011,-4.545454545
Bhutan,BTN,2012,-4.358974359
Bhutan,BTN,2013,-4.169014085
Bhutan,BTN,2014,-4.019471488
Bhutan,BTN,2015,-4.024725275
Bhutan,BTN,2016,-3.975576662
Bolivia,BOL,1990,12.09613984
Bolivia,BOL,1991,11.84567109
Bolivia,BOL,1992,11.7413769
Bolivia,BOL,1993,11.62450431
Bolivia,BOL,1994,11.54680595
Bolivia,BOL,1995,11.22277617
Bolivia,BOL,1996,10.94742255
Bolivia,BOL,1997,10.73579438
Bolivia,BOL,1998,10.5804619
Bolivia,BOL,1999,10.30156231
Bolivia,BOL,2000,10.14967926
Bolivia,BOL,2001,9.856643357
Bolivia,BOL,2002,9.731213542
Bolivia,BOL,2003,9.638445991
Bolivia,BOL,2004,9.524754659
Bolivia,BOL,2005,9.428076256
Bolivia,BOL,2006,10.44491751
Bolivia,BOL,2007,10.36409291
Bolivia,BOL,2008,10.29112231
Bolivia,BOL,2009,10.20232676
Bolivia,BOL,2010,10.16917106
Bolivia,BOL,2011,9.798296289
Bolivia,BOL,2012,9.822701869
Bolivia,BOL,2013,9.703092392
Bolivia,BOL,2014,9.694592323
Bolivia,BOL,2015,9.546458142
Bolivia,BOL,2016,9.587563452
Bosnia and Herzegovina,BIH,1990,3.58951378
Bosnia and Herzegovina,BIH,1991,3.071641108
Bosnia and Herzegovina,BIH,1992,1.88474256
Bosnia and Herzegovina,BIH,1993,1.318950723
Bosnia and Herzegovina,BIH,1994,-1.214122428
Bosnia and Herzegovina,BIH,1995,-1.198746409
Bosnia and Herzegovina,BIH,1996,-1.009564293
Bosnia and Herzegovina,BIH,1997,0.128479657
Bosnia and Herzegovina,BIH,1998,0.731119443
Bosnia and Herzegovina,BIH,1999,0.702644937
Bosnia and Herzegovina,BIH,2000,1.602239403
Bosnia and Herzegovina,BIH,2001,3.690095847
Bosnia and Herzegovina,BIH,2002,3.881351423
Bosnia and Herzegovina,BIH,2003,4.027113238
Bosnia and Herzegovina,BIH,2004,4.155154091
Bosnia and Herzegovina,BIH,2005,4.334661355
Bosnia and Herzegovina,BIH,2006,4.780876494
Bosnia and Herzegovina,BIH,2007,5.059792719
Bosnia and Herzegovina,BIH,2008,5.540756526
Bosnia and Herzegovina,BIH,2009,5.524625268
Bosnia and Herzegovina,BIH,2010,5.643724696
Bosnia and Herzegovina,BIH,2011,6.531002458
Bosnia and Herzegovina,BIH,2012,6.110957004
Bosnia and Herzegovina,BIH,2013,6.178379904
Bosnia and Herzegovina,BIH,2014,5.591614015
Bosnia and Herzegovina,BIH,2015,5.715952173
Bosnia and Herzegovina,BIH,2016,6.609568813
Botswana,BWA,1990,30.59052059
Botswana,BWA,1991,29.61538462
Botswana,BWA,1992,29.23020528
Botswana,BWA,1993,28.42744818
Botswana,BWA,1994,27.66387727
Botswana,BWA,1995,27.07283867
Botswana,BWA,1996,32.79734219
Botswana,BWA,1997,37.64935065
Botswana,BWA,1998,41.71319797
Botswana,BWA,1999,33.76397516
Botswana,BWA,2000,27.74193548
Botswana,BWA,2001,19.81492537
Botswana,BWA,2002,59.85337243
Botswana,BWA,2003,37.2260669
Botswana,BWA,2004,11.44394111
Botswana,BWA,2005,30.87270706
Botswana,BWA,2006,14.10675381
Botswana,BWA,2007,31.43466667
Botswana,BWA,2008,12.10334029
Botswana,BWA,2009,9.190988223
Botswana,BWA,2010,6.728736789
Botswana,BWA,2011,9.290322581
Botswana,BWA,2012,9.81372549
Botswana,BWA,2013,21.89529811
Botswana,BWA,2014,11.06270943
Botswana,BWA,2015,45.5068364
Botswana,BWA,2016,23.42592593
Brazil,BRA,1990,7.23294123
Brazil,BRA,1991,7.152352817
Brazil,BRA,1992,7.054109929
Brazil,BRA,1993,6.979005641
Brazil,BRA,1994,6.91318645
Brazil,BRA,1995,6.918466856
Brazil,BRA,1996,6.934118668
Brazil,BRA,1997,6.938382835
Brazil,BRA,1998,6.890243868
Brazil,BRA,1999,6.842367616
Brazil,BRA,2000,6.814177012
Brazil,BRA,2001,7.958193187
Brazil,BRA,2002,7.840902762
Brazil,BRA,2003,7.707759581
Brazil,BRA,2004,7.704422682
Brazil,BRA,2005,7.632530148
Brazil,BRA,2006,4.523534753
Brazil,BRA,2007,4.570662179
Brazil,BRA,2008,4.629432901
Brazil,BRA,2009,4.480650916
Brazil,BRA,2010,4.673707553
Brazil,BRA,2011,3.596384939
Brazil,BRA,2012,3.735215895
Brazil,BRA,2013,3.847320878
Brazil,BRA,2014,3.941429445
Brazil,BRA,2015,3.786484213
Brazil,BRA,2016,3.602877195
Brunei,BRN,1990,22.62548263
Brunei,BRN,1991,19.92481203
Brunei,BRN,1992,20.0729927
Brunei,BRN,1993,20.56737589
Brunei,BRN,1994,20.76124567
Brunei,BRN,1995,21.54882155
Brunei,BRN,1996,21.96721311
Brunei,BRN,1997,23.17307692
Brunei,BRN,1998,29.34169279
Brunei,BRN,1999,18.83435583
Brunei,BRN,2000,19.06906907
Brunei,BRN,2001,18.29411765
Brunei,BRN,2002,18.06916427
Brunei,BRN,2003,20.31161473
Brunei,BRN,2004,18.80222841
Brunei,BRN,2005,18.2739726
Brunei,BRN,2006,24.40540541
Brunei,BRN,2007,23.01333333
Brunei,BRN,2008,23.7994723
Brunei,BRN,2009,24.0625
Brunei,BRN,2010,22.44215938
Brunei,BRN,2011,18.62944162
Brunei,BRN,2012,18.82205514
Brunei,BRN,2013,18.31683168
Brunei,BRN,2014,18
Brunei,BRN,2015,16.02409639
Brunei,BRN,2016,16.64285714
Bulgaria,BGR,1990,7.371338084
Bulgaria,BGR,1991,5.293715068
Bulgaria,BGR,1992,5.041493776
Bulgaria,BGR,1993,5.15391791
Bulgaria,BGR,1994,4.96519174
Bulgaria,BGR,1995,5.158133429
Bulgaria,BGR,1996,5.265315967
Bulgaria,BGR,1997,5.038967365
Bulgaria,BGR,1998,4.749324158
Bulgaria,BGR,1999,4.044874179
Bulgaria,BGR,2000,3.994748687
Bulgaria,BGR,2001,4.091539528
Bulgaria,BGR,2002,3.778286295
Bulgaria,BGR,2003,4.356740133
Bulgaria,BGR,2004,4.299548096
Bulgaria,BGR,2005,4.438662677
Bulgaria,BGR,2006,5.114663871
Bulgaria,BGR,2007,5.653952752
Bulgaria,BGR,2008,5.349548113
Bulgaria,BGR,2009,4.444741771
Bulgaria,BGR,2010,4.719191919
Bulgaria,BGR,2011,5.403171161
Bulgaria,BGR,2012,4.809108263
Bulgaria,BGR,2013,4.120713306
Bulgaria,BGR,2014,4.461772012
Bulgaria,BGR,2015,4.809722222
Bulgaria,BGR,2016,4.409955257
Burkina Faso,BFA,1990,1.27340824
Burkina Faso,BFA,1991,1.244198895
Burkina Faso,BFA,1992,1.21114338
Burkina Faso,BFA,1993,1.17881072
Burkina Faso,BFA,1994,1.149027198
Burkina Faso,BFA,1995,1.115956392
Burkina Faso,BFA,1996,1.09322279
Burkina Faso,BFA,1997,1.072567035
Burkina Faso,BFA,1998,1.047497493
Burkina Faso,BFA,1999,1.023663919
Burkina Faso,BFA,2000,1.004479669
Burkina Faso,BFA,2001,0.819589787
Burkina Faso,BFA,2002,0.797201659
Burkina Faso,BFA,2003,0.779928882
Burkina Faso,BFA,2004,0.759726805
Burkina Faso,BFA,2005,0.739085084
Burkina Faso,BFA,2006,0.893773953
Burkina Faso,BFA,2007,0.886893068
Burkina Faso,BFA,2008,0.875425459
Burkina Faso,BFA,2009,0.850009907
Burkina Faso,BFA,2010,0.826017302
Burkina Faso,BFA,2011,0.680263649
Burkina Faso,BFA,2012,0.684931507
Burkina Faso,BFA,2013,0.690564048
Burkina Faso,BFA,2014,0.659615603
Burkina Faso,BFA,2015,0.684666777
Burkina Faso,BFA,2016,0.660731524
Burundi,BDI,1990,1.687810259
Burundi,BDI,1991,1.654986523
Burundi,BDI,1992,1.614491734
Burundi,BDI,1993,1.586754053
Burundi,BDI,1994,1.559586371
Burundi,BDI,1995,1.538333055
Burundi,BDI,1996,1.443894389
Burundi,BDI,1997,1.448872917
Burundi,BDI,1998,1.464597478
Burundi,BDI,1999,1.415350247
Burundi,BDI,2000,1.41558238
Burundi,BDI,2001,0.897946675
Burundi,BDI,2002,0.988961814
Burundi,BDI,2003,0.979881314
Burundi,BDI,2004,0.863712844
Burundi,BDI,2005,0.758995248
Burundi,BDI,2006,-0.027602524
Burundi,BDI,2007,-0.0775884
Burundi,BDI,2008,-0.017228649
Burundi,BDI,2009,0.002381519
Burundi,BDI,2010,-0.008068234
Burundi,BDI,2011,0.376200045
Burundi,BDI,2012,0.347177158
Burundi,BDI,2013,0.358490566
Burundi,BDI,2014,0.335229581
Burundi,BDI,2015,0.303149606
Burundi,BDI,2016,0.341342487
Cambodia,KHM,1990,3.081550802
Cambodia,KHM,1991,2.982021746
Cambodia,KHM,1992,2.883416459
Cambodia,KHM,1993,2.787082539
Cambodia,KHM,1994,2.701104865
Cambodia,KHM,1995,2.621996997
Cambodia,KHM,1996,2.547573523
Cambodia,KHM,1997,2.483405611
Cambodia,KHM,1998,2.444616843
Cambodia,KHM,1999,2.380952381
Cambodia,KHM,2000,2.336487042
Cambodia,KHM,2001,2.660217654
Cambodia,KHM,2002,2.611172654
Cambodia,KHM,2003,2.582451773
Cambodia,KHM,2004,2.540945967
Cambodia,KHM,2005,2.51638665
Cambodia,KHM,2006,1.901617451
Cambodia,KHM,2007,1.927631579
Cambodia,KHM,2008,1.925237684
Cambodia,KHM,2009,1.95047538
Cambodia,KHM,2010,1.930547792
Cambodia,KHM,2011,1.917337185
Cambodia,KHM,2012,1.907983762
Cambodia,KHM,2013,1.886064155
Cambodia,KHM,2014,1.922749591
Cambodia,KHM,2015,2.01662264
Cambodia,KHM,2016,2.067740708
Cameroon,CMR,1990,10.05602716
Cameroon,CMR,1991,9.738836711
Cameroon,CMR,1992,9.45275622
Cameroon,CMR,1993,9.503264925
Cameroon,CMR,1994,9.291814678
Cameroon,CMR,1995,9.026470588
Cameroon,CMR,1996,8.473266051
Cameroon,CMR,1997,8.275237033
Cameroon,CMR,1998,8.070497148
Cameroon,CMR,1999,7.850195196
Cameroon,CMR,2000,7.676292381
Cameroon,CMR,2001,7.503923661
Cameroon,CMR,2002,7.246607165
Cameroon,CMR,2003,7.293613475
Cameroon,CMR,2004,7.027637754
Cameroon,CMR,2005,7.065358371
Cameroon,CMR,2006,6.554543459
Cameroon,CMR,2007,6.571809931
Cameroon,CMR,2008,6.4639277
Cameroon,CMR,2009,6.235472461
Cameroon,CMR,2010,5.990364289
Cameroon,CMR,2011,5.794508753
Cameroon,CMR,2012,5.567139865
Cameroon,CMR,2013,5.682837342
Cameroon,CMR,2014,5.369455956
Cameroon,CMR,2015,5.341231007
Cameroon,CMR,2016,5.187863084
Canada,CAN,1990,18.13768563
Canada,CAN,1991,17.65498942
Canada,CAN,1992,17.90426587
Canada,CAN,1993,17.60123301
Canada,CAN,1994,17.96715291
Canada,CAN,1995,18.17377589
Canada,CAN,1996,17.84812275
Canada,CAN,1997,17.82664246
Canada,CAN,1998,20.22050496
Canada,CAN,1999,18.77305877
Canada,CAN,2000,18.5615274
Canada,CAN,2001,24.15187824
Canada,CAN,2002,25.62383732
Canada,CAN,2003,26.1175686
Canada,CAN,2004,24.80810938
Canada,CAN,2005,24.92071882
Canada,CAN,2006,21.79057688
Canada,CAN,2007,22.09164617
Canada,CAN,2008,21.39780431
Canada,CAN,2009,19.4171161
Canada,CAN,2010,20.98688064
Canada,CAN,2011,17.27699123
Canada,CAN,2012,17.73266136
Canada,CAN,2013,18.84862736
Canada,CAN,2014,17.93377075
Canada,CAN,2015,18.45837844
Canada,CAN,2016,16.93345793
Cape Verde,CPV,1990,-0.917159763
Cape Verde,CPV,1991,-0.867052023
Cape Verde,CPV,1992,-0.842696629
Cape Verde,CPV,1993,-0.792349727
Cape Verde,CPV,1994,-0.771276596
Cape Verde,CPV,1995,-0.725388601
Cape Verde,CPV,1996,-0.656565657
Cape Verde,CPV,1997,-0.643564356
Cape Verde,CPV,1998,-0.605326877
Cape Verde,CPV,1999,-0.523809524
Cape Verde,CPV,2000,-0.443925234
Cape Verde,CPV,2001,0.527522936
Cape Verde,CPV,2002,0.609480813
Cape Verde,CPV,2003,0.688888889
Cape Verde,CPV,2004,0.722100656
Cape Verde,CPV,2005,0.950323974
Cape Verde,CPV,2006,0.852878465
Cape Verde,CPV,2007,0.905263158
Cape Verde,CPV,2008,0.831600832
Cape Verde,CPV,2009,0.924024641
Cape Verde,CPV,2010,0.973630832
Cape Verde,CPV,2011,0.901803607
Cape Verde,CPV,2012,0.673267327
Cape Verde,CPV,2013,0.64453125
Cape Verde,CPV,2014,0.617760618
Cape Verde,CPV,2015,1.333333333
Cape Verde,CPV,2016,1.31826742
Central African Republic,CAF,1990,5.065906662
Central African Republic,CAF,1991,4.939215005
Central African Republic,CAF,1992,4.812436634
Central African Republic,CAF,1993,4.674983585
Central African Republic,CAF,1994,4.545454545
Central African Republic,CAF,1995,4.421346572
Central African Republic,CAF,1996,4.298669891
Central African Republic,CAF,1997,4.195165094
Central African Republic,CAF,1998,4.094964029
Central African Republic,CAF,1999,4.005059022
Central African Republic,CAF,2000,3.914835165
Central African Republic,CAF,2001,3.820526599
Central African Republic,CAF,2002,3.74013677
Central African Republic,CAF,2003,3.661427467
Central African Republic,CAF,2004,3.590909091
Central African Republic,CAF,2005,3.519068846
Central African Republic,CAF,2006,3.278290432
Central African Republic,CAF,2007,3.215817056
Central African Republic,CAF,2008,3.175754739
Central African Republic,CAF,2009,3.112033195
Central African Republic,CAF,2010,3.079553225
Central African Republic,CAF,2011,3.061778683
Central African Republic,CAF,2012,3.056807935
Central African Republic,CAF,2013,3.04631295
Central African Republic,CAF,2014,3.037634409
Central African Republic,CAF,2015,3.044736256
Central African Republic,CAF,2016,3.13133539
Chad,TCD,1990,1.376823746
Chad,TCD,1991,1.32044827
Chad,TCD,1992,1.282051282
Chad,TCD,1993,1.243144424
Chad,TCD,1994,1.204837045
Chad,TCD,1995,1.166904422
Chad,TCD,1996,1.129499379
Chad,TCD,1997,1.094228975
Chad,TCD,1998,1.057915058
Chad,TCD,1999,1.021852496
Chad,TCD,2000,0.98611776
Chad,TCD,2001,0.865406776
Chad,TCD,2002,0.83157778
Chad,TCD,2003,0.822487732
Chad,TCD,2004,0.791987673
Chad,TCD,2005,0.765573933
Chad,TCD,2006,2.493066845
Chad,TCD,2007,2.415418747
Chad,TCD,2008,2.340844063
Chad,TCD,2009,2.262975779
Chad,TCD,2010,2.19042838
Chad,TCD,2011,2.060512903
Chad,TCD,2012,1.996871334
Chad,TCD,2013,1.937216339
Chad,TCD,2014,1.8764637
Chad,TCD,2015,1.796470838
Chad,TCD,2016,1.740832303
Chile,CHL,1990,1.361958569
Chile,CHL,1991,1.26194887
Chile,CHL,1992,1.382653061
Chile,CHL,1993,1.424883471
Chile,CHL,1994,1.617958492
Chile,CHL,1995,1.801682776
Chile,CHL,1996,2.171796805
Chile,CHL,1997,2.580819694
Chile,CHL,1998,2.607157164
Chile,CHL,1999,2.728351909
Chile,CHL,2000,2.439707991
Chile,CHL,2001,2.648878577
Chile,CHL,2002,2.669599592
Chile,CHL,2003,2.719242902
Chile,CHL,2004,2.990321574
Chile,CHL,2005,3.021071495
Chile,CHL,2006,3.046774687
Chile,CHL,2007,3.480338778
Chile,CHL,2008,3.649748623
Chile,CHL,2009,3.441904536
Chile,CHL,2010,3.661724199
Chile,CHL,2011,-1.654288035
Chile,CHL,2012,-1.524712644
Chile,CHL,2013,-1.253699067
Chile,CHL,2014,-1.603130807
Chile,CHL,2015,-1.269408426
Chile,CHL,2016,-1.026964688
China,CHN,1990,1.573383656
China,CHN,1991,1.660227128
China,CHN,1992,1.737350476
China,CHN,1993,1.904945496
China,CHN,1994,1.985479963
China,CHN,1995,2.226717163
China,CHN,1996,2.191723528
China,CHN,1997,2.224095741
China,CHN,1998,2.288051332
China,CHN,1999,2.206287076
China,CHN,2000,2.341906601
China,CHN,2001,2.453626688
China,CHN,2002,2.653516291
China,CHN,2003,3.097527414
China,CHN,2004,3.614922547
China,CHN,2005,4.11701123
China,CHN,2006,4.508920801
China,CHN,2007,4.89649291
China,CHN,2008,5.021856942
China,CHN,2009,5.375159052
China,CHN,2010,5.870467108
China,CHN,2011,6.511189764
China,CHN,2012,6.658958507
China,CHN,2013,6.916601427
China,CHN,2014,6.854873636
China,CHN,2015,6.770162804
China,CHN,2016,6.719165912
Colombia,COL,1990,5.932694922
Colombia,COL,1991,5.867349961
Colombia,COL,1992,5.833018621
Colombia,COL,1993,5.792653387
Colombia,COL,1994,5.70178137
Colombia,COL,1995,5.669256747
Colombia,COL,1996,5.507066566
Colombia,COL,1997,5.525394974
Colombia,COL,1998,5.453028881
Colombia,COL,1999,5.172696736
Colombia,COL,2000,5.143073429
Colombia,COL,2001,5.590967806
Colombia,COL,2002,5.4617737
Colombia,COL,2003,5.499469675
Colombia,COL,2004,5.39571252
Colombia,COL,2005,5.301303695
Colombia,COL,2006,5.072104812
Colombia,COL,2007,5.054643559
Colombia,COL,2008,4.998983166
Colombia,COL,2009,5.013854749
Colombia,COL,2010,4.99414015
Colombia,COL,2011,1.892779712
Colombia,COL,2012,1.879503429
Colombia,COL,2013,2.089471986
Colombia,COL,2014,2.190001703
Colombia,COL,2015,2.13821258
Colombia,COL,2016,2.620861443
Comoros,COM,1990,0.291262136
Comoros,COM,1991,0.283018868
Comoros,COM,1992,0.275229358
Comoros,COM,1993,0.267260579
Comoros,COM,1994,0.25974026
Comoros,COM,1995,0.273684211
Comoros,COM,1996,0.265848671
Comoros,COM,1997,0.278884462
Comoros,COM,1998,0.27184466
Comoros,COM,1999,0.283553875
Comoros,COM,2000,0.295202952
Comoros,COM,2001,0.323741007
Comoros,COM,2002,0.316344464
Comoros,COM,2003,0.360205832
Comoros,COM,2004,0.368509213
Comoros,COM,2005,0.359477124
Comoros,COM,2006,0.367412141
Comoros,COM,2007,0.280373832
Comoros,COM,2008,0.273972603
Comoros,COM,2009,0.312035661
Comoros,COM,2010,0.333333333
Comoros,COM,2011,0.282885431
Comoros,COM,2012,0.290055249
Comoros,COM,2013,0.323450135
Comoros,COM,2014,0.289855072
Comoros,COM,2015,0.321750322
Comoros,COM,2016,0.326633166
Congo,COG,1990,11.07764107
Congo,COG,1991,11.72584641
Congo,COG,1992,11.36947791
Congo,COG,1993,11.05859375
Congo,COG,1994,10.67629179
Congo,COG,1995,10.41358936
Congo,COG,1996,6.137832017
Congo,COG,1997,6.208580398
Congo,COG,1998,5.945121951
Congo,COG,1999,5.724160632
Congo,COG,2000,5.404541094
Congo,COG,2001,6.690490988
Congo,COG,2002,5.486404834
Congo,COG,2003,7.663633695
Congo,COG,2004,7.729344729
Congo,COG,2005,9.646701628
Congo,COG,2006,8.392523364
Congo,COG,2007,7.115583075
Congo,COG,2008,6.045873847
Congo,COG,2009,5.712907117
Congo,COG,2010,6.932615817
Congo,COG,2011,7.988623436
Congo,COG,2012,7.44345898
Congo,COG,2013,7.287475665
Congo,COG,2014,4.608401942
Congo,COG,2015,6.536243822
Congo,COG,2016,6.496687412
Cook Islands,COK,1990,-0.555555556
Cook Islands,COK,1991,-0.555555556
Cook Islands,COK,1992,-0.526315789
Cook Islands,COK,1993,-0.526315789
Cook Islands,COK,1994,-0.526315789
Cook Islands,COK,1995,-0.526315789
Cook Islands,COK,1996,0
Cook Islands,COK,1997,0
Cook Islands,COK,1998,0
Cook Islands,COK,1999,0
Cook Islands,COK,2000,0
Cook Islands,COK,2001,1.111111111
Cook Islands,COK,2002,1.111111111
Cook Islands,COK,2003,1.052631579
Cook Islands,COK,2004,2.631578947
Cook Islands,COK,2005,2.631578947
Cook Islands,COK,2006,1.052631579
Cook Islands,COK,2007,1.052631579
Cook Islands,COK,2008,1.052631579
Cook Islands,COK,2009,1.052631579
Cook Islands,COK,2010,1.111111111
Cook Islands,COK,2011,3.888888889
Cook Islands,COK,2012,3.888888889
Cook Islands,COK,2013,3.888888889
Cook Islands,COK,2014,3.888888889
Cook Islands,COK,2015,5
Cook Islands,COK,2016,5
Costa Rica,CRI,1990,2.952869509
Costa Rica,CRI,1991,2.948157402
Costa Rica,CRI,1992,3.206571342
Costa Rica,CRI,1993,3.116844603
Costa Rica,CRI,1994,3.220583984
Costa Rica,CRI,1995,3.133107727
Costa Rica,CRI,1996,2.987334802
Costa Rica,CRI,1997,2.901317558
Costa Rica,CRI,1998,2.986330179
Costa Rica,CRI,1999,2.926640927
Costa Rica,CRI,2000,2.839475013
Costa Rica,CRI,2001,-0.523054041
Costa Rica,CRI,2002,-0.49256279
Costa Rica,CRI,2003,-0.237752161
Costa Rica,CRI,2004,-0.378698225
Costa Rica,CRI,2005,-0.296313579
Costa Rica,CRI,2006,-0.211737629
Costa Rica,CRI,2007,0.022701476
Costa Rica,CRI,2008,0.002240645
Costa Rica,CRI,2009,-0.064145101
Costa Rica,CRI,2010,-0.069914791
Costa Rica,CRI,2011,-0.846104036
Costa Rica,CRI,2012,-0.831911263
Costa Rica,CRI,2013,-0.731758752
Costa Rica,CRI,2014,-0.704900938
Costa Rica,CRI,2015,-0.775577558
Costa Rica,CRI,2016,-0.630740968
Cote d'Ivoire,CIV,1990,-0.170230608
Cote d'Ivoire,CIV,1991,-0.156123605
Cote d'Ivoire,CIV,1992,-0.150640025
Cote d'Ivoire,CIV,1993,-0.130349608
Cote d'Ivoire,CIV,1994,-0.118674918
Cote d'Ivoire,CIV,1995,-0.100704225
Cote d'Ivoire,CIV,1996,-0.060006819
Cote d'Ivoire,CIV,1997,0.00132179
Cote d'Ivoire,CIV,1998,0.003848868
Cote d'Ivoire,CIV,1999,0.121000437
Cote d'Ivoire,CIV,2000,0.093588575
Cote d'Ivoire,CIV,2001,-0.105025811
Cote d'Ivoire,CIV,2002,-0.096332405
Cote d'Ivoire,CIV,2003,-0.154545455
Cote d'Ivoire,CIV,2004,-0.148024485
Cote d'Ivoire,CIV,2005,-0.120947971
Cote d'Ivoire,CIV,2006,0.657957878
Cote d'Ivoire,CIV,2007,0.638985968
Cote d'Ivoire,CIV,2008,0.670713047
Cote d'Ivoire,CIV,2009,0.628146966
Cote d'Ivoire,CIV,2010,0.625821848
Cote d'Ivoire,CIV,2011,0.601074706
Cote d'Ivoire,CIV,2012,0.677124426
Cote d'Ivoire,CIV,2013,0.689061934
Cote d'Ivoire,CIV,2014,0.693217944
Cote d'Ivoire,CIV,2015,0.707827435
Cote d'Ivoire,CIV,2016,0.711917055
Croatia,HRV,1990,1.82160804
Croatia,HRV,1991,0.630252101
Croatia,HRV,1992,0.703570674
Croatia,HRV,1993,0.82801192
Croatia,HRV,1994,0.695577501
Croatia,HRV,1995,0.829542993
Croatia,HRV,1996,0.826229508
Croatia,HRV,1997,1.211385702
Croatia,HRV,1998,1.524933215
Croatia,HRV,1999,1.550718133
Croatia,HRV,2000,1.456639566
Croatia,HRV,2001,1.726406534
Croatia,HRV,2002,1.974522293
Croatia,HRV,2003,2.271588061
Croatia,HRV,2004,2.157846715
Croatia,HRV,2005,2.236180905
Croatia,HRV,2006,2.747654999
Croatia,HRV,2007,3.051352591
Croatia,HRV,2008,2.791178498
Croatia,HRV,2009,2.476387929
Croatia,HRV,2010,2.271256932
Croatia,HRV,2011,3.528866218
Croatia,HRV,2012,3.163407821
Croatia,HRV,2013,3.088613514
Croatia,HRV,2014,2.934680451
Croatia,HRV,2015,3.033309709
Croatia,HRV,2016,3.124257543
Cuba,CUB,1990,0.056619798
Cuba,CUB,1991,-0.686715383
Cuba,CUB,1992,-1.186661699
Cuba,CUB,1993,-1.366206321
Cuba,CUB,1994,-1.220704927
Cuba,CUB,1995,-1.081006613
Cuba,CUB,1996,-0.893134656
Cuba,CUB,1997,-0.672429481
Cuba,CUB,1998,-0.706585741
Cuba,CUB,1999,-0.628777627
Cuba,CUB,2000,-0.596800288
Cuba,CUB,2001,-0.490819525
Cuba,CUB,2002,-0.60625
Cuba,CUB,2003,-0.666132336
Cuba,CUB,2004,-0.689777778
Cuba,CUB,2005,-0.603800391
Cuba,CUB,2006,5.67889175
Cuba,CUB,2007,5.766598525
Cuba,CUB,2008,5.69902999
Cuba,CUB,2009,5.771800125
Cuba,CUB,2010,6.052022092
Cuba,CUB,2011,1.293049746
Cuba,CUB,2012,1.320067514
Cuba,CUB,2013,1.177878224
Cuba,CUB,2014,1.137348545
Cuba,CUB,2015,1.185871965
Cuba,CUB,2016,0.87604764
Cyprus,CYP,1990,5.867014342
Cyprus,CYP,1991,6.334610473
Cyprus,CYP,1992,6.641697878
Cyprus,CYP,1993,6.813186813
Cyprus,CYP,1994,6.953405018
Cyprus,CYP,1995,6.643274854
Cyprus,CYP,1996,6.918671249
Cyprus,CYP,1997,6.96969697
Cyprus,CYP,1998,7.117711771
Cyprus,CYP,1999,7.311015119
Cyprus,CYP,2000,7.423117709
Cyprus,CYP,2001,7.114583333
Cyprus,CYP,2002,7.113613101
Cyprus,CYP,2003,7.6861167
Cyprus,CYP,2004,7.514851485
Cyprus,CYP,2005,7.5
Cyprus,CYP,2006,7.198852772
Cyprus,CYP,2007,7.34962406
Cyprus,CYP,2008,7.421441774
Cyprus,CYP,2009,7.094717668
Cyprus,CYP,2010,6.711590296
Cyprus,CYP,2011,6.435555556
Cyprus,CYP,2012,5.9030837
Cyprus,CYP,2013,5.288461538
Cyprus,CYP,2014,5.616319444
Cyprus,CYP,2015,5.572782084
Cyprus,CYP,2016,5.88034188
Czechia,CZE,1990,13.30335557
Czechia,CZE,1991,12.01140537
Czechia,CZE,1992,11.73959239
Czechia,CZE,1993,11.42774399
Czechia,CZE,1994,10.81941898
Czechia,CZE,1995,10.87082448
Czechia,CZE,1996,11.02608696
Czechia,CZE,1997,10.85219578
Czechia,CZE,1998,10.30514385
Czechia,CZE,1999,9.642926451
Czechia,CZE,2000,10.74545631
Czechia,CZE,2001,10.74773635
Czechia,CZE,2002,10.35505267
Czechia,CZE,2003,10.78620959
Czechia,CZE,2004,10.84871569
Czechia,CZE,2005,10.49717294
Czechia,CZE,2006,11.04961647
Czechia,CZE,2007,11.27630817
Czechia,CZE,2008,10.70023981
Czechia,CZE,2009,9.946605645
Czechia,CZE,2010,10.17557179
Czechia,CZE,2011,9.330935933
Czechia,CZE,2012,8.964181079
Czechia,CZE,2013,8.53499575
Czechia,CZE,2014,8.254178076
Czechia,CZE,2015,8.356758796
Czechia,CZE,2016,8.525284867
Democratic Republic of Congo,COD,1990,4.32855657
Democratic Republic of Congo,COD,1991,4.130834354
Democratic Republic of Congo,COD,1992,3.966893448
Democratic Republic of Congo,COD,1993,3.815179308
Democratic Republic of Congo,COD,1994,3.674260304
Democratic Republic of Congo,COD,1995,3.55565711
Democratic Republic of Congo,COD,1996,3.471478354
Democratic Republic of Congo,COD,1997,3.381020832
Democratic Republic of Congo,COD,1998,3.309698997
Democratic Republic of Congo,COD,1999,3.235627178
Democratic Republic of Congo,COD,2000,3.137392264
Democratic Republic of Congo,COD,2001,3.027111854
Democratic Republic of Congo,COD,2002,2.942733397
Democratic Republic of Congo,COD,2003,2.861004161
Democratic Republic of Congo,COD,2004,2.775631725
Democratic Republic of Congo,COD,2005,2.704705582
Democratic Republic of Congo,COD,2006,2.631941744
Democratic Republic of Congo,COD,2007,2.537208745
Democratic Republic of Congo,COD,2008,2.462299912
Democratic Republic of Congo,COD,2009,2.378901183
Democratic Republic of Congo,COD,2010,2.305774116
Democratic Republic of Congo,COD,2011,2.24162984
Democratic Republic of Congo,COD,2012,2.153257704
Democratic Republic of Congo,COD,2013,2.118163091
Democratic Republic of Congo,COD,2014,2.044410102
Democratic Republic of Congo,COD,2015,1.950554135
Democratic Republic of Congo,COD,2016,1.883892422
Denmark,DNK,1990,10.14588601
Denmark,DNK,1991,12.17846751
Denmark,DNK,1992,11.02861562
Denmark,DNK,1993,11.43132344
Denmark,DNK,1994,12.13394742
Denmark,DNK,1995,11.4637875
Denmark,DNK,1996,13.95242626
Denmark,DNK,1997,12.08601743
Denmark,DNK,1998,11.28867925
Denmark,DNK,1999,10.71589628
Denmark,DNK,2000,9.872683018
Denmark,DNK,2001,10.26502426
Denmark,DNK,2002,10.25683975
Denmark,DNK,2003,11.22702803
Denmark,DNK,2004,10.17397742
Denmark,DNK,2005,9.479896717
Denmark,DNK,2006,10.76414401
Denmark,DNK,2007,9.828153565
Denmark,DNK,2008,9.194252455
Denmark,DNK,2009,8.731451321
Denmark,DNK,2010,8.750675068
Denmark,DNK,2011,7.537166398
Denmark,DNK,2012,6.574585635
Denmark,DNK,2013,6.853494147
Denmark,DNK,2014,6.073446328
Denmark,DNK,2015,5.63367903
Denmark,DNK,2016,5.90264402
Djibouti,DJI,1990,0.542372881
Djibouti,DJI,1991,0.510708402
Djibouti,DJI,1992,0.504065041
Djibouti,DJI,1993,0.500807754
Djibouti,DJI,1994,0.482315113
Djibouti,DJI,1995,0.476190476
Djibouti,DJI,1996,0.48136646
Djibouti,DJI,1997,0.49924357
Djibouti,DJI,1998,0.470588235
Djibouti,DJI,1999,0.457142857
Djibouti,DJI,2000,0.473537604
Djibouti,DJI,2001,0.504774898
Djibouti,DJI,2002,0.535475234
Djibouti,DJI,2003,0.552631579
Djibouti,DJI,2004,0.531088083
Djibouti,DJI,2005,0.523627075
Djibouti,DJI,2006,0.51572327
Djibouti,DJI,2007,0.571428571
Djibouti,DJI,2008,0.612745098
Djibouti,DJI,2009,0.555555556
Djibouti,DJI,2010,0.619047619
Djibouti,DJI,2011,0.550351288
Djibouti,DJI,2012,0.599078341
Djibouti,DJI,2013,0.66817667
Djibouti,DJI,2014,0.756395996
Djibouti,DJI,2015,1.181619256
Djibouti,DJI,2016,1.184068891
Dominica,DMA,1990,0.285714286
Dominica,DMA,1991,0.285714286
Dominica,DMA,1992,0.281690141
Dominica,DMA,1993,0.281690141
Dominica,DMA,1994,0.281690141
Dominica,DMA,1995,0.563380282
Dominica,DMA,1996,0.422535211
Dominica,DMA,1997,0.563380282
Dominica,DMA,1998,0.428571429
Dominica,DMA,1999,0.571428571
Dominica,DMA,2000,0.857142857
Dominica,DMA,2001,1.714285714
Dominica,DMA,2002,1.571428571
Dominica,DMA,2003,1.857142857
Dominica,DMA,2004,1.857142857
Dominica,DMA,2005,1.830985915
Dominica,DMA,2006,9.014084507
Dominica,DMA,2007,9.577464789
Dominica,DMA,2008,9.295774648
Dominica,DMA,2009,9.295774648
Dominica,DMA,2010,9.295774648
Dominica,DMA,2011,3.38028169
Dominica,DMA,2012,3.521126761
Dominica,DMA,2013,3.521126761
Dominica,DMA,2014,3.521126761
Dominica,DMA,2015,4.366197183
Dominica,DMA,2016,4.507042254
Dominican Republic,DOM,1990,-0.301415954
Dominican Republic,DOM,1991,-0.244841816
Dominican Republic,DOM,1992,-0.056695464
Dominican Republic,DOM,1993,-0.060959449
Dominican Republic,DOM,1994,0.148360229
Dominican Republic,DOM,1995,0.231487402
Dominican Republic,DOM,1996,0.338237143
Dominican Republic,DOM,1997,0.554181098
Dominican Republic,DOM,1998,0.802288775
Dominican Republic,DOM,1999,0.93012106
Dominican Republic,DOM,2000,1.022311415
Dominican Republic,DOM,2001,1.198976625
Dominican Republic,DOM,2002,1.401719198
Dominican Republic,DOM,2003,1.136723164
Dominican Republic,DOM,2004,0.962781368
Dominican Republic,DOM,2005,1.087171595
Dominican Republic,DOM,2006,1.226814188
Dominican Republic,DOM,2007,1.25495235
Dominican Republic,DOM,2008,1.241277226
Dominican Republic,DOM,2009,1.127701786
Dominican Republic,DOM,2010,1.226405364
Dominican Republic,DOM,2011,1.22694385
Dominican Republic,DOM,2012,1.296948948
Dominican Republic,DOM,2013,1.246019108
Dominican Republic,DOM,2014,1.232661092
Dominican Republic,DOM,2015,1.422874927
Dominican Republic,DOM,2016,1.493556453
Ecuador,ECU,1990,5.659270844
Ecuador,ECU,1991,5.58250573
Ecuador,ECU,1992,5.552444942
Ecuador,ECU,1993,5.328893349
Ecuador,ECU,1994,5.294432548
Ecuador,ECU,1995,5.422086425
Ecuador,ECU,1996,5.537041784
Ecuador,ECU,1997,5.508325663
Ecuador,ECU,1998,5.385309067
Ecuador,ECU,1999,4.955794888
Ecuador,ECU,2000,5.00591436
Ecuador,ECU,2001,4.349206349
Ecuador,ECU,2002,4.313322681
Ecuador,ECU,2003,4.231862378
Ecuador,ECU,2004,4.368196528
Ecuador,ECU,2005,4.416317084
Ecuador,ECU,2006,4.46191052
Ecuador,ECU,2007,4.443589564
Ecuador,ECU,2008,4.392542653
Ecuador,ECU,2009,4.460538784
Ecuador,ECU,2010,4.597961495
Ecuador,ECU,2011,4.551298872
Ecuador,ECU,2012,4.567661884
Ecuador,ECU,2013,4.63487617
Ecuador,ECU,2014,4.742352056
Ecuador,ECU,2015,4.582408093
Ecuador,ECU,2016,4.395731005
Egypt,EGY,1990,1.537570813
Egypt,EGY,1991,1.547583805
Egypt,EGY,1992,1.563911569
Egypt,EGY,1993,1.524690636
Egypt,EGY,1994,1.410239623
Egypt,EGY,1995,1.46870087
Egypt,EGY,1996,1.516618974
Egypt,EGY,1997,1.597731616
Egypt,EGY,1998,1.645619335
Egypt,EGY,1999,1.69411695
Egypt,EGY,2000,1.625842631
Egypt,EGY,2001,1.768990635
Egypt,EGY,2002,1.774777925
Egypt,EGY,2003,1.789745421
Egypt,EGY,2004,1.911502993
Egypt,EGY,2005,2.114294794
Egypt,EGY,2006,2.198012332
Egypt,EGY,2007,2.326541569
Egypt,EGY,2008,2.372419509
Egypt,EGY,2009,2.407345782
Egypt,EGY,2010,2.366573628
Egypt,EGY,2011,2.382850856
Egypt,EGY,2012,2.455393303
Egypt,EGY,2013,2.375883717
Egypt,EGY,2014,2.383632845
Egypt,EGY,2015,2.406347695
Egypt,EGY,2016,2.414581723
El Salvador,SLV,1990,0.616698292
El Salvador,SLV,1991,0.741295395
El Salvador,SLV,1992,0.784711965
El Salvador,SLV,1993,0.881602914
El Salvador,SLV,1994,0.9600863
El Salvador,SLV,1995,1.03926097
El Salvador,SLV,1996,0.927943761
El Salvador,SLV,1997,1.080751827
El Salvador,SLV,1998,1.126250431
El Salvador,SLV,1999,1.113772455
El Salvador,SLV,2000,1.109035326
El Salvador,SLV,2001,1.159102413
El Salvador,SLV,2002,1.162361624
El Salvador,SLV,2003,1.226226226
El Salvador,SLV,2004,1.211819389
El Salvador,SLV,2005,1.262392597
El Salvador,SLV,2006,1.294620826
El Salvador,SLV,2007,1.352767769
El Salvador,SLV,2008,1.21493803
El Salvador,SLV,2009,1.187073725
El Salvador,SLV,2010,1.154592497
El Salvador,SLV,2011,1.167283851
El Salvador,SLV,2012,1.16543764
El Salvador,SLV,2013,1.101180977
El Salvador,SLV,2014,1.11517077
El Salvador,SLV,2015,1.204743083
El Salvador,SLV,2016,1.246066709
Equatorial Guinea,GNQ,1990,12.84009547
Equatorial Guinea,GNQ,1991,12.60969977
Equatorial Guinea,GNQ,1992,12.23713647
Equatorial Guinea,GNQ,1993,13.71490281
Equatorial Guinea,GNQ,1994,13.11064718
Equatorial Guinea,GNQ,1995,12.83702213
Equatorial Guinea,GNQ,1996,13.2751938
Equatorial Guinea,GNQ,1997,13.20895522
Equatorial Guinea,GNQ,1998,12.47311828
Equatorial Guinea,GNQ,1999,12.62886598
Equatorial Guinea,GNQ,2000,12.26072607
Equatorial Guinea,GNQ,2001,12.32594937
Equatorial Guinea,GNQ,2002,12.62917933
Equatorial Guinea,GNQ,2003,14.97816594
Equatorial Guinea,GNQ,2004,15.42538354
Equatorial Guinea,GNQ,2005,13.70666667
Equatorial Guinea,GNQ,2006,13.89030612
Equatorial Guinea,GNQ,2007,13.02919708
Equatorial Guinea,GNQ,2008,12.04413473
Equatorial Guinea,GNQ,2009,12.10643016
Equatorial Guinea,GNQ,2010,11.34533898
Equatorial Guinea,GNQ,2011,10.68895643
Equatorial Guinea,GNQ,2012,10.47526673
Equatorial Guinea,GNQ,2013,9.711895911
Equatorial Guinea,GNQ,2014,9.260249554
Equatorial Guinea,GNQ,2015,9.520958084
Equatorial Guinea,GNQ,2016,7.967078189
Eritrea,ERI,1990,0.584329349
Eritrea,ERI,1991,0.582524272
Eritrea,ERI,1992,0.76173605
Eritrea,ERI,1993,0.817329165
Eritrea,ERI,1994,0.879170424
Eritrea,ERI,1995,0.930127042
Eritrea,ERI,1996,0.974499089
Eritrea,ERI,1997,0.933940774
Eritrea,ERI,1998,0.834088849
Eritrea,ERI,1999,0.822530174
Eritrea,ERI,2000,0.802792321
Eritrea,ERI,2001,0.564210526
Eritrea,ERI,2002,0.540104796
Eritrea,ERI,2003,0.515186467
Eritrea,ERI,2004,0.492647059
Eritrea,ERI,2005,0.43862752
Eritrea,ERI,2006,0.376970528
Eritrea,ERI,2007,0.37370704
Eritrea,ERI,2008,0.32647731
Eritrea,ERI,2009,0.355769231
Eritrea,ERI,2010,0.347003155
Eritrea,ERI,2011,0.385812072
Eritrea,ERI,2012,0.387692308
Eritrea,ERI,2013,0.417555623
Eritrea,ERI,2014,0.41679251
Eritrea,ERI,2015,0.415794197
Eritrea,ERI,2016,0.411607936
Estonia,EST,1990,19.76357827
Estonia,EST,1991,17.65503876
Estonia,EST,1992,13.06377383
Estonia,EST,1993,9.670698925
Estonia,EST,1994,9.601921757
Estonia,EST,1995,8.590369853
Estonia,EST,1996,9.337094499
Estonia,EST,1997,9.127659574
Estonia,EST,1998,8.798008535
Estonia,EST,1999,7.998575499
Estonia,EST,2000,7.748391708
Estonia,EST,2001,13.42672414
Estonia,EST,2002,13.40563991
Estonia,EST,2003,14.79970867
Estonia,EST,2004,14.92668622
Estonia,EST,2005,15.15486726
Estonia,EST,2006,10.30392884
Estonia,EST,2007,13.13988095
Estonia,EST,2008,12.08208955
Estonia,EST,2009,9.610778443
Estonia,EST,2010,12.62762763
Estonia,EST,2011,14.40512048
Estonia,EST,2012,13.5600907
Estonia,EST,2013,15.42077331
Estonia,EST,2014,14.39209726
Estonia,EST,2015,12.49429658
Estonia,EST,2016,13.43963554
Eswatini,SWZ,1990,0.656934307
Eswatini,SWZ,1991,0.520710059
Eswatini,SWZ,1992,0.426758939
Eswatini,SWZ,1993,0.27027027
Eswatini,SWZ,1994,0.649779736
Eswatini,SWZ,1995,0.604099245
Eswatini,SWZ,1996,0.517970402
Eswatini,SWZ,1997,1.401869159
Eswatini,SWZ,1998,1.387755102
Eswatini,SWZ,1999,1.378269618
Eswatini,SWZ,2000,1.313432836
Eswatini,SWZ,2001,1.272189349
Eswatini,SWZ,2002,1.246319921
Eswatini,SWZ,2003,1.163245357
Eswatini,SWZ,2004,1.150097466
Eswatini,SWZ,2005,1.125121242
Eswatini,SWZ,2006,1.11969112
Eswatini,SWZ,2007,1.160115053
Eswatini,SWZ,2008,1.180952381
Eswatini,SWZ,2009,1.125827815
Eswatini,SWZ,2010,1.117370892
Eswatini,SWZ,2011,1.119402985
Eswatini,SWZ,2012,1.260426321
Eswatini,SWZ,2013,1.14075437
Eswatini,SWZ,2014,1.232876712
Eswatini,SWZ,2015,1.096014493
Eswatini,SWZ,2016,1.113105925
Ethiopia,ETH,1990,0.692657868
Ethiopia,ETH,1991,0.668212054
Ethiopia,ETH,1992,0.629083696
Ethiopia,ETH,1993,0.61655659
Ethiopia,ETH,1994,0.601837589
Ethiopia,ETH,1995,0.58669892
Ethiopia,ETH,1996,0.491474764
Ethiopia,ETH,1997,0.453070168
Ethiopia,ETH,1998,0.484737954
Ethiopia,ETH,1999,0.46174409
Ethiopia,ETH,2000,0.410570026
Ethiopia,ETH,2001,0.497366452
Ethiopia,ETH,2002,0.584528528
Ethiopia,ETH,2003,0.5522994
Ethiopia,ETH,2004,0.531923491
Ethiopia,ETH,2005,0.41809656
Ethiopia,ETH,2006,0.479175426
Ethiopia,ETH,2007,0.374594045
Ethiopia,ETH,2008,0.451661923
Ethiopia,ETH,2009,0.425182439
Ethiopia,ETH,2010,0.404609767
Ethiopia,ETH,2011,0.225316175
Ethiopia,ETH,2012,0.2965695
Ethiopia,ETH,2013,0.342188581
Ethiopia,ETH,2014,0.258629478
Ethiopia,ETH,2015,0.263003917
Ethiopia,ETH,2016,0.30530004
Fiji,FJI,1990,-1.22085048
Fiji,FJI,1991,-1.401360544
Fiji,FJI,1992,-1.290322581
Fiji,FJI,1993,-1.271523179
Fiji,FJI,1994,-1.253263708
Fiji,FJI,1995,-1.212903226
Fiji,FJI,1996,-1.12244898
Fiji,FJI,1997,-1.147540984
Fiji,FJI,1998,-1.175
Fiji,FJI,1999,-1.141439206
Fiji,FJI,2000,-1.072749692
Fiji,FJI,2001,-1.253071253
Fiji,FJI,2002,-1.460122699
Fiji,FJI,2003,-1.262254902
Fiji,FJI,2004,-0.892420538
Fiji,FJI,2005,-1.192214112
Fiji,FJI,2006,2.185990338
Fiji,FJI,2007,2.093301435
Fiji,FJI,2008,1.75147929
Fiji,FJI,2009,1.615925059
Fiji,FJI,2010,2.093023256
Fiji,FJI,2011,-2.259559676
Fiji,FJI,2012,-2.289017341
Fiji,FJI,2013,-2.182448037
Fiji,FJI,2014,-2.159353349
Fiji,FJI,2015,-0.586881473
Fiji,FJI,2016,-0.653669725
Finland,FIN,1990,6.034827862
Finland,FIN,1991,6.134688185
Finland,FIN,1992,5.528245788
Finland,FIN,1993,5.733438486
Finland,FIN,1994,6.98057681
Finland,FIN,1995,6.192615745
Finland,FIN,1996,7.444033483
Finland,FIN,1997,7.041925466
Finland,FIN,1998,6.367157242
Finland,FIN,1999,6.203632148
Finland,FIN,2000,5.925212028
Finland,FIN,2001,8.755769231
Finland,FIN,2002,9.19815845
Finland,FIN,2003,10.7690836
Finland,FIN,2004,9.994276994
Finland,FIN,2005,7.63453128
Finland,FIN,2006,9.025961721
Finland,FIN,2007,8.608909022
Finland,FIN,2008,6.990035721
Finland,FIN,2009,6.510670161
Finland,FIN,2010,8.039508013
Finland,FIN,2011,11.44526902
Finland,FIN,2012,10.32317636
Finland,FIN,2013,10.38793896
Finland,FIN,2014,9.617286211
Finland,FIN,2015,9.014778325
Finland,FIN,2016,9.568934158
France,FRA,1990,5.651966753
France,FRA,1991,6.061426011
France,FRA,1992,5.844226294
France,FRA,1993,5.500784382
France,FRA,1994,5.389758105
France,FRA,1995,5.506383862
France,FRA,1996,5.760532304
France,FRA,1997,5.593857886
France,FRA,1998,5.940387379
France,FRA,1999,5.813573181
France,FRA,2000,5.750741337
France,FRA,2001,4.860063317
France,FRA,2002,4.729695835
France,FRA,2003,4.790048463
France,FRA,2004,4.766878645
France,FRA,2005,4.779450262
France,FRA,2006,5.003332846
France,FRA,2007,4.839903667
France,FRA,2008,4.746097832
France,FRA,2009,4.507778648
France,FRA,2010,4.550572519
France,FRA,2011,3.69286008
France,FRA,2012,3.721760745
France,FRA,2013,3.708798948
France,FRA,2014,3.192821759
France,FRA,2015,3.283943339
France,FRA,2016,3.283849818
Gabon,GAB,1990,5.237091675
Gabon,GAB,1991,5.358606557
Gabon,GAB,1992,5.433698903
Gabon,GAB,1993,5.388349515
Gabon,GAB,1994,5.042573321
Gabon,GAB,1995,5.013824885
Gabon,GAB,1996,4.878706199
Gabon,GAB,1997,4.846625767
Gabon,GAB,1998,4.811965812
Gabon,GAB,1999,4.60383653
Gabon,GAB,2000,4.421824104
Gabon,GAB,2001,4.252782194
Gabon,GAB,2002,3.951863354
Gabon,GAB,2003,3.939393939
Gabon,GAB,2004,3.840472674
Gabon,GAB,2005,3.982746226
Gabon,GAB,2006,3.384615385
Gabon,GAB,2007,3.408010862
Gabon,GAB,2008,3.456221198
Gabon,GAB,2009,3.193116635
Gabon,GAB,2010,3.540640394
Gabon,GAB,2011,-52.18397626
Gabon,GAB,2012,-50.29714286
Gabon,GAB,2013,-48.36543753
Gabon,GAB,2014,-46.81528662
Gabon,GAB,2015,-45.17453799
Gabon,GAB,2016,-43.84960159
Gambia,GMB,1990,-0.292887029
Gambia,GMB,1991,-0.271903323
Gambia,GMB,1992,-0.262901655
Gambia,GMB,1993,-0.245051838
Gambia,GMB,1994,-0.237659963
Gambia,GMB,1995,-0.221434898
Gambia,GMB,1996,-0.214776632
Gambia,GMB,1997,-0.208159867
Gambia,GMB,1998,-0.193861066
Gambia,GMB,1999,-0.172278778
Gambia,GMB,2000,-0.159332322
Gambia,GMB,2001,-0.147058824
Gambia,GMB,2002,-0.121082621
Gambia,GMB,2003,-0.117241379
Gambia,GMB,2004,-0.106880428
Gambia,GMB,2005,-0.103626943
Gambia,GMB,2006,-0.094280327
Gambia,GMB,2007,-0.06097561
Gambia,GMB,2008,-0.053285968
Gambia,GMB,2009,-0.045977011
Gambia,GMB,2010,-0.016731735
Gambia,GMB,2011,0.048701299
Gambia,GMB,2012,0.047244094
Gambia,GMB,2013,0.035641548
Gambia,GMB,2014,0.074110672
Gambia,GMB,2015,0.110258869
Gambia,GMB,2016,0.116333178
Georgia,GEO,1990,5.423290203
Georgia,GEO,1991,3.971710404
Georgia,GEO,1992,3.029788839
Georgia,GEO,1993,2.320982914
Georgia,GEO,1994,1.257602511
Georgia,GEO,1995,0.82596463
Georgia,GEO,1996,0.474520322
Georgia,GEO,1997,0.318471338
Georgia,GEO,1998,0.207650273
Georgia,GEO,1999,0.112183083
Georgia,GEO,2000,0.162769372
Georgia,GEO,2001,0.002327205
Georgia,GEO,2002,-0.138530171
Georgia,GEO,2003,-0.092002831
Georgia,GEO,2004,-0.037860861
Georgia,GEO,2005,0.178147268
Georgia,GEO,2006,0.276849642
Georgia,GEO,2007,0.515958723
Georgia,GEO,2008,0.325850833
Georgia,GEO,2009,0.512260257
Georgia,GEO,2010,0.441571115
Georgia,GEO,2011,1.609899534
Georgia,GEO,2012,1.766732283
Georgia,GEO,2013,1.807853791
Georgia,GEO,2014,2.061957869
Georgia,GEO,2015,2.253976143
Georgia,GEO,2016,2.358655044
Germany,DEU,1990,11.41434969
Germany,DEU,1991,11.06263602
Germany,DEU,1992,10.50235734
Germany,DEU,1993,10.36989146
Germany,DEU,1994,10.17975332
Germany,DEU,1995,10.10783963
Germany,DEU,1996,10.45017461
Germany,DEU,1997,10.04852639
Germany,DEU,1998,9.952458755
Germany,DEU,1999,9.589138715
Germany,DEU,2000,9.546934313
Germany,DEU,2001,10.15063717
Germany,DEU,2002,9.963941865
Germany,DEU,2003,9.994853824
Germany,DEU,2004,9.798153002
Germany,DEU,2005,9.570971655
Germany,DEU,2006,9.796617243
Germany,DEU,2007,9.433795123
Germany,DEU,2008,9.552586781
Germany,DEU,2009,8.876885043
Germany,DEU,2010,9.35739295
Germany,DEU,2011,8.735777184
Germany,DEU,2012,8.886542428
Germany,DEU,2013,9.088747629
Germany,DEU,2014,8.56402701
Germany,DEU,2015,8.60503503
Germany,DEU,2016,8.58578485
Ghana,GHA,1990,1.571786367
Ghana,GHA,1991,1.515749326
Ghana,GHA,1992,1.505142784
Ghana,GHA,1993,1.467684858
Ghana,GHA,1994,1.44245864
Ghana,GHA,1995,1.420594804
Ghana,GHA,1996,1.405256829
Ghana,GHA,1997,1.380311575
Ghana,GHA,1998,1.449038514
Ghana,GHA,1999,1.440038273
Ghana,GHA,2000,1.360029047
Ghana,GHA,2001,2.21541732
Ghana,GHA,2002,2.221179492
Ghana,GHA,2003,2.152771084
Ghana,GHA,2004,2.075968409
Ghana,GHA,2005,2.045381618
Ghana,GHA,2006,0.058983869
Ghana,GHA,2007,0.083173663
Ghana,GHA,2008,0.055168902
Ghana,GHA,2009,0.111290389
Ghana,GHA,2010,0.165859564
Ghana,GHA,2011,0.801559792
Ghana,GHA,2012,0.862440375
Ghana,GHA,2013,0.877931449
Ghana,GHA,2014,0.832721128
Ghana,GHA,2015,0.84024561
Ghana,GHA,2016,0.775928657
Greece,GRC,1990,7.329356542
Greece,GRC,1991,7.280659234
Greece,GRC,1992,7.432821497
Greece,GRC,1993,7.343838998
Greece,GRC,1994,7.421324566
Greece,GRC,1995,7.643774428
Greece,GRC,1996,7.571085672
Greece,GRC,1997,7.614157345
Greece,GRC,1998,7.872379216
Greece,GRC,1999,7.852738484
Greece,GRC,2000,8.453347771
Greece,GRC,2001,8.61864559
Greece,GRC,2002,8.570023252
Greece,GRC,2003,8.859078349
Greece,GRC,2004,8.828660436
Greece,GRC,2005,9.022717149
Greece,GRC,2006,8.936969155
Greece,GRC,2007,9.313848921
Greece,GRC,2008,9.050724638
Greece,GRC,2009,8.579249932
Greece,GRC,2010,7.973916238
Greece,GRC,2011,7.7403269
Greece,GRC,2012,7.360170671
Greece,GRC,2013,6.680942184
Greece,GRC,2014,6.424633212
Greece,GRC,2015,6.30206379
Greece,GRC,2016,6.226095148
Grenada,GRD,1990,1.145833333
Grenada,GRD,1991,1.145833333
Grenada,GRD,1992,1.237113402
Grenada,GRD,1993,1.224489796
Grenada,GRD,1994,1.414141414
Grenada,GRD,1995,1.5
Grenada,GRD,1996,1.485148515
Grenada,GRD,1997,1.666666667
Grenada,GRD,1998,1.764705882
Grenada,GRD,1999,1.862745098
Grenada,GRD,2000,1.844660194
Grenada,GRD,2001,5.339805825
Grenada,GRD,2002,5.384615385
Grenada,GRD,2003,5.480769231
Grenada,GRD,2004,5.384615385
Grenada,GRD,2005,5.428571429
Grenada,GRD,2006,0.571428571
Grenada,GRD,2007,0.571428571
Grenada,GRD,2008,0.761904762
Grenada,GRD,2009,0.754716981
Grenada,GRD,2010,0.754716981
Grenada,GRD,2011,2.336448598
Grenada,GRD,2012,2.523364486
Grenada,GRD,2013,2.777777778
Grenada,GRD,2014,2.201834862
Grenada,GRD,2015,2.545454545
Grenada,GRD,2016,2.545454545
Guatemala,GTM,1990,2.070379965
Guatemala,GTM,1991,2.032057366
Guatemala,GTM,1992,2.065094242
Guatemala,GTM,1993,2.045477412
Guatemala,GTM,1994,2.032048761
Guatemala,GTM,1995,2.080130669
Guatemala,GTM,1996,2.01183432
Guatemala,GTM,1997,2.002204262
Guatemala,GTM,1998,2.109753907
Guatemala,GTM,1999,2.058487749
Guatemala,GTM,2000,2.119131405
Guatemala,GTM,2001,2.098951782
Guatemala,GTM,2002,2.106642641
Guatemala,GTM,2003,2.0488
Guatemala,GTM,2004,2.054387747
Guatemala,GTM,2005,2.043372022
Guatemala,GTM,2006,2.05195193
Guatemala,GTM,2007,2.074452555
Guatemala,GTM,2008,1.942738826
Guatemala,GTM,2009,1.935596535
Guatemala,GTM,2010,1.866712235
Guatemala,GTM,2011,1.284366847
Guatemala,GTM,2012,1.283478489
Guatemala,GTM,2013,1.30995127
Guatemala,GTM,2014,1.352760158
Guatemala,GTM,2015,1.47920256
Guatemala,GTM,2016,1.516010372
Guinea,GIN,1990,2.572418136
Guinea,GIN,1991,2.503442999
Guinea,GIN,1992,2.44192972
Guinea,GIN,1993,2.382195157
Guinea,GIN,1994,2.338652733
Guinea,GIN,1995,2.283356259
Guinea,GIN,1996,2.0471597
Guinea,GIN,1997,1.981205951
Guinea,GIN,1998,1.948861468
Guinea,GIN,1999,1.931719429
Guinea,GIN,2000,1.883266594
Guinea,GIN,2001,1.852203873
Guinea,GIN,2002,1.854181225
Guinea,GIN,2003,2.002741917
Guinea,GIN,2004,2.087161102
Guinea,GIN,2005,1.956092206
Guinea,GIN,2006,1.951219512
Guinea,GIN,2007,1.989913847
Guinea,GIN,2008,1.709621111
Guinea,GIN,2009,1.773384183
Guinea,GIN,2010,1.734693878
Guinea,GIN,2011,1.756238004
Guinea,GIN,2012,1.601577169
Guinea,GIN,2013,1.579913706
Guinea,GIN,2014,1.589095148
Guinea,GIN,2015,1.527291812
Guinea,GIN,2016,1.568410291
Guinea-Bissau,GNB,1990,1.682051282
Guinea-Bissau,GNB,1991,1.643286573
Guinea-Bissau,GNB,1992,1.617647059
Guinea-Bissau,GNB,1993,1.581975072
Guinea-Bissau,GNB,1994,1.547842402
Guinea-Bissau,GNB,1995,1.515151515
Guinea-Bissau,GNB,1996,1.485148515
Guinea-Bissau,GNB,1997,1.47396293
Guinea-Bissau,GNB,1998,1.421143847
Guinea-Bissau,GNB,1999,1.410365336
Guinea-Bissau,GNB,2000,1.340549542
Guinea-Bissau,GNB,2001,1.915240424
Guinea-Bissau,GNB,2002,1.87400319
Guinea-Bissau,GNB,2003,1.870615744
Guinea-Bissau,GNB,2004,1.827875095
Guinea-Bissau,GNB,2005,1.791821561
Guinea-Bissau,GNB,2006,1.226415094
Guinea-Bissau,GNB,2007,1.203966006
Guinea-Bissau,GNB,2008,1.167933656
Guinea-Bissau,GNB,2009,1.145552561
Guinea-Bissau,GNB,2010,1.122783979
Guinea-Bissau,GNB,2011,1.094049904
Guinea-Bissau,GNB,2012,1.07165109
Guinea-Bissau,GNB,2013,1.04368932
Guinea-Bissau,GNB,2014,1.028368794
Guinea-Bissau,GNB,2015,1.065054692
Guinea-Bissau,GNB,2016,1.049382716
Guyana,GUY,1990,23.84925976
Guyana,GUY,1991,23.79032258
Guyana,GUY,1992,23.53805073
Guyana,GUY,1993,23.38196286
Guyana,GUY,1994,23.67588933
Guyana,GUY,1995,23.71879106
Guyana,GUY,1996,14.78318003
Guyana,GUY,1997,14.72295515
Guyana,GUY,1998,18.32891247
Guyana,GUY,1999,13.82666667
Guyana,GUY,2000,13.56091031
Guyana,GUY,2001,17.5704698
Guyana,GUY,2002,19.15436242
Guyana,GUY,2003,47.18120805
Guyana,GUY,2004,17.19839142
Guyana,GUY,2005,26.51474531
Guyana,GUY,2006,19.49061662
Guyana,GUY,2007,19.0616622
Guyana,GUY,2008,21.44578313
Guyana,GUY,2009,23.38235294
Guyana,GUY,2010,35.47396529
Guyana,GUY,2011,27.55319149
Guyana,GUY,2012,32.2384106
Guyana,GUY,2013,29.56521739
Guyana,GUY,2014,37.5491481
Guyana,GUY,2015,48.30508475
Guyana,GUY,2016,39.29961089
Haiti,HTI,1990,0.160556976
Haiti,HTI,1991,0.160189441
Haiti,HTI,1992,0.140729608
Haiti,HTI,1993,0.119286959
Haiti,HTI,1994,0.044725072
Haiti,HTI,1995,0.134280181
Haiti,HTI,1996,0.157220743
Haiti,HTI,1997,0.179305192
Haiti,HTI,1998,0.176146789
Haiti,HTI,1999,0.185118404
Haiti,HTI,2000,0.18194707
Haiti,HTI,2001,0.202114067
Haiti,HTI,2002,0.225039982
Haiti,HTI,2003,0.21011236
Haiti,HTI,2004,0.240963855
Haiti,HTI,2005,0.247960848
Haiti,HTI,2006,0.243980738
Haiti,HTI,2007,0.271721959
Haiti,HTI,2008,0.267440655
Haiti,HTI,2009,0.25311288
Haiti,HTI,2010,0.239220022
Haiti,HTI,2011,0.233663366
Haiti,HTI,2012,0.230221442
Haiti,HTI,2013,0.23651572
Haiti,HTI,2014,0.289126931
Haiti,HTI,2015,0.322550486
Haiti,HTI,2016,0.327490775
Honduras,HND,1990,8.641775984
Honduras,HND,1991,8.399686213
Honduras,HND,1992,8.219256435
Honduras,HND,1993,8.016314423
Honduras,HND,1994,7.85727158
Honduras,HND,1995,7.74916798
Honduras,HND,1996,7.530212766
Honduras,HND,1997,7.340390341
Honduras,HND,1998,7.237942122
Honduras,HND,1999,7.057995936
Honduras,HND,2000,6.901901141
Honduras,HND,2001,5.103672986
Honduras,HND,2002,5.009380863
Honduras,HND,2003,4.971854771
Honduras,HND,2004,4.966360016
Honduras,HND,2005,4.875988738
Honduras,HND,2006,4.578202777
Honduras,HND,2007,4.697144321
Honduras,HND,2008,4.570855782
Honduras,HND,2009,4.426450742
Honduras,HND,2010,4.328483828
Honduras,HND,2011,4.327319892
Honduras,HND,2012,4.28654091
Honduras,HND,2013,4.24252756
Honduras,HND,2014,4.123492631
Honduras,HND,2015,4.140239219
Honduras,HND,2016,4.058893323
Hungary,HUN,1990,6.655102631
Hungary,HUN,1991,6.389076522
Hungary,HUN,1992,5.750555073
Hungary,HUN,1993,5.794960904
Hungary,HUN,1994,5.733732381
Hungary,HUN,1995,5.701033916
Hungary,HUN,1996,5.805265196
Hungary,HUN,1997,5.679084206
Hungary,HUN,1998,5.728599222
Hungary,HUN,1999,5.804468729
Hungary,HUN,2000,5.501418648
Hungary,HUN,2001,5.854017463
Hungary,HUN,2002,5.791285532
Hungary,HUN,2003,6.063504585
Hungary,HUN,2004,5.890844374
Hungary,HUN,2005,5.853658537
Hungary,HUN,2006,5.615552904
Hungary,HUN,2007,5.474860335
Hungary,HUN,2008,5.409327462
Hungary,HUN,2009,4.898082137
Hungary,HUN,2010,4.909841845
Hungary,HUN,2011,4.953516572
Hungary,HUN,2012,4.623884834
Hungary,HUN,2013,4.351230425
Hungary,HUN,2014,4.371239164
Hungary,HUN,2015,4.649212518
Hungary,HUN,2016,4.786219625
Iceland,ISL,1990,7.725490196
Iceland,ISL,1991,7.596899225
Iceland,ISL,1992,7.538461538
Iceland,ISL,1993,7.414448669
Iceland,ISL,1994,8.113207547
Iceland,ISL,1995,7.649253731
Iceland,ISL,1996,8.37037037
Iceland,ISL,1997,7.912087912
Iceland,ISL,1998,7.890909091
Iceland,ISL,1999,7.841726619
Iceland,ISL,2000,8.142857143
Iceland,ISL,2001,7.561837456
Iceland,ISL,2002,7.789473684
Iceland,ISL,2003,7.708333333
Iceland,ISL,2004,8.041237113
Iceland,ISL,2005,7.593220339
Iceland,ISL,2006,8.266666667
Iceland,ISL,2007,7.639344262
Iceland,ISL,2008,6.816720257
Iceland,ISL,2009,6.613924051
Iceland,ISL,2010,5.84375
Iceland,ISL,2011,5.479876161
Iceland,ISL,2012,5.36809816
Iceland,ISL,2013,5.657492355
Iceland,ISL,2014,5.623100304
Iceland,ISL,2015,5.909090909
Iceland,ISL,2016,5.873493976
India,IND,1990,0.585518003
India,IND,1991,0.62398388
India,IND,1992,0.636264754
India,IND,1993,0.647549481
India,IND,1994,0.672471093
India,IND,1995,0.715752186
India,IND,1996,0.738025078
India,IND,1997,0.767359401
India,IND,1998,0.769487285
India,IND,1999,0.818711491
India,IND,2000,0.837497729
India,IND,2001,0.725479027
India,IND,2002,0.744450151
India,IND,2003,0.752346143
India,IND,2004,0.80794209
India,IND,2005,0.842272212
India,IND,2006,0.92698672
India,IND,2007,1.012297946
India,IND,2008,1.066179759
India,IND,2009,1.19529357
India,IND,2010,1.251262922
India,IND,2011,1.505005247
India,IND,2012,1.598073955
India,IND,2013,1.620996209
India,IND,2014,1.731489832
India,IND,2015,1.723395538
India,IND,2016,1.742227555
Indonesia,IDN,1990,5.903546313
Indonesia,IDN,1991,5.878261246
Indonesia,IDN,1992,5.829072121
Indonesia,IDN,1993,5.811444286
Indonesia,IDN,1994,5.780514582
Indonesia,IDN,1995,5.824946429
Indonesia,IDN,1996,4.977664143
Indonesia,IDN,1997,8.410657411
Indonesia,IDN,1998,5.480617542
Indonesia,IDN,1999,5.128394214
Indonesia,IDN,2000,4.773442893
Indonesia,IDN,2001,5.940669563
Indonesia,IDN,2002,7.667580673
Indonesia,IDN,2003,6.391976956
Indonesia,IDN,2004,7.561109967
Indonesia,IDN,2005,6.566072821
Indonesia,IDN,2006,9.310826015
Indonesia,IDN,2007,7.284679009
Indonesia,IDN,2008,7.156283178
Indonesia,IDN,2009,8.389077521
Indonesia,IDN,2010,7.016135035
Indonesia,IDN,2011,7.64956184
Indonesia,IDN,2012,7.709295961
Indonesia,IDN,2013,7.539326305
Indonesia,IDN,2014,8.686659246
Indonesia,IDN,2015,8.678511863
Indonesia,IDN,2016,7.039180902
Iran,IRN,1990,3.176028102
Iran,IRN,1991,3.771389934
Iran,IRN,1992,3.967505954
Iran,IRN,1993,3.869801085
Iran,IRN,1994,4.307075308
Iran,IRN,1995,4.431098742
Iran,IRN,1996,4.496508548
Iran,IRN,1997,4.61274075
Iran,IRN,1998,4.5749703
Iran,IRN,1999,5.035261802
Iran,IRN,2000,5.190558188
Iran,IRN,2001,5.231229966
Iran,IRN,2002,5.429441926
Iran,IRN,2003,5.684423763
Iran,IRN,2004,6.037475889
Iran,IRN,2005,6.418537313
Iran,IRN,2006,6.912479626
Iran,IRN,2007,7.298839296
Iran,IRN,2008,7.361794762
Iran,IRN,2009,7.519232088
Iran,IRN,2010,7.426216396
Iran,IRN,2011,8.42513566
Iran,IRN,2012,8.419777601
Iran,IRN,2013,8.594179023
Iran,IRN,2014,8.716985516
Iran,IRN,2015,8.524053407
Iran,IRN,2016,8.520562063
Iraq,IRQ,1990,3.665537631
Iraq,IRQ,1991,2.560232545
Iraq,IRQ,1992,3.608107374
Iraq,IRQ,1993,4.628857821
Iraq,IRQ,1994,5.052970981
Iraq,IRQ,1995,4.718348305
Iraq,IRQ,1996,4.679786364
Iraq,IRQ,1997,5.35494403
Iraq,IRQ,1998,3.638871303
Iraq,IRQ,1999,2.789667573
Iraq,IRQ,2000,3.131330326
Iraq,IRQ,2001,3.443489755
Iraq,IRQ,2002,3.145355367
Iraq,IRQ,2003,2.773640086
Iraq,IRQ,2004,2.825492133
Iraq,IRQ,2005,3.24195825
Iraq,IRQ,2006,2.995118041
Iraq,IRQ,2007,2.717924833
Iraq,IRQ,2008,2.9680124
Iraq,IRQ,2009,3.648569358
Iraq,IRQ,2010,3.996032547
Iraq,IRQ,2011,4.20081367
Iraq,IRQ,2012,4.699278771
Iraq,IRQ,2013,4.83728926
Iraq,IRQ,2014,4.844530978
Iraq,IRQ,2015,4.408523558
Iraq,IRQ,2016,4.542896944
Ireland,IRL,1990,8.199943036
Ireland,IRL,1991,8.325753269
Ireland,IRL,1992,8.317280453
Ireland,IRL,1993,8.328164646
Ireland,IRL,1994,8.623878924
Ireland,IRL,1995,8.711024499
Ireland,IRL,1996,9.069060773
Ireland,IRL,1997,9.307039167
Ireland,IRL,1998,9.896963124
Ireland,IRL,1999,10.21173948
Ireland,IRL,2000,10.68992863
Ireland,IRL,2001,11.26496616
Ireland,IRL,2002,10.84698055
Ireland,IRL,2003,10.69849246
Ireland,IRL,2004,10.65056678
Ireland,IRL,2005,10.89591886
Ireland,IRL,2006,9.624202316
Ireland,IRL,2007,9.232369942
Ireland,IRL,2008,8.890398551
Ireland,IRL,2009,7.537263626
Ireland,IRL,2010,7.422046552
Ireland,IRL,2011,7.893705075
Ireland,IRL,2012,7.983940972
Ireland,IRL,2013,7.674972914
Ireland,IRL,2014,7.622649665
Ireland,IRL,2015,7.932072227
Ireland,IRL,2016,8.177172061
Israel,ISR,1990,7.621402878
Israel,ISR,1991,7.539769013
Israel,ISR,1992,7.786661056
Israel,ISR,1993,8.230878474
Israel,ISR,1994,8.523305915
Israel,ISR,1995,8.899639537
Israel,ISR,1996,9.01179941
Israel,ISR,1997,9.166516975
Israel,ISR,1998,9.054220039
Israel,ISR,1999,9.112446352
Israel,ISR,2000,9.596367306
Israel,ISR,2001,9.544629599
Israel,ISR,2002,9.896255471
Israel,ISR,2003,10.00477859
Israel,ISR,2004,9.865561982
Israel,ISR,2005,9.330678511
Israel,ISR,2006,9.627301302
Israel,ISR,2007,9.729808675
Israel,ISR,2008,9.502919812
Israel,ISR,2009,9.147426982
Israel,ISR,2010,9.594337054
Israel,ISR,2011,9.313476693
Israel,ISR,2012,9.984241628
Israel,ISR,2013,8.707175178
Israel,ISR,2014,8.297682709
Israel,ISR,2015,8.349210328
Israel,ISR,2016,8.128005919
Italy,ITA,1990,6.223881644
Italy,ITA,1991,6.202003924
Italy,ITA,1992,6.150319363
Italy,ITA,1993,6.093919368
Italy,ITA,1994,6.015310938
Italy,ITA,1995,6.414803932
Italy,ITA,1996,6.375186191
Italy,ITA,1997,6.447701392
Italy,ITA,1998,6.651040657
Italy,ITA,1999,6.765391132
Italy,ITA,2000,6.808720807
Italy,ITA,2001,6.771868132
Italy,ITA,2002,6.858157145
Italy,ITA,2003,7.129505776
Italy,ITA,2004,7.245634017
Italy,ITA,2005,7.228084624
Italy,ITA,2006,7.089148148
Italy,ITA,2007,6.929597603
Italy,ITA,2008,6.695970945
Italy,ITA,2009,5.91158258
Italy,ITA,2010,6.027812895
Italy,ITA,2011,5.869707496
Italy,ITA,2012,5.549524875
Italy,ITA,2013,5.039307261
Italy,ITA,2014,4.715278927
Italy,ITA,2015,4.874706989
Italy,ITA,2016,4.804411256
Jamaica,JAM,1990,3.247933884
Jamaica,JAM,1991,3.210332103
Jamaica,JAM,1992,3.486387647
Jamaica,JAM,1993,3.525150905
Jamaica,JAM,1994,3.531287365
Jamaica,JAM,1995,3.591160221
Jamaica,JAM,1996,3.704572098
Jamaica,JAM,1997,3.730650155
Jamaica,JAM,1998,3.894212342
Jamaica,JAM,1999,3.927079377
Jamaica,JAM,2000,3.951035782
Jamaica,JAM,2001,3.951401869
Jamaica,JAM,2002,3.98440401
Jamaica,JAM,2003,4.078995939
Jamaica,JAM,2004,4.055045872
Jamaica,JAM,2005,4.018248175
Jamaica,JAM,2006,4.575163399
Jamaica,JAM,2007,4.555635838
Jamaica,JAM,2008,3.666427031
Jamaica,JAM,2009,2.972103004
Jamaica,JAM,2010,2.715302491
Jamaica,JAM,2011,2.809624912
Jamaica,JAM,2012,2.716396904
Jamaica,JAM,2013,2.850647079
Jamaica,JAM,2014,2.76173913
Jamaica,JAM,2015,2.711864407
Jamaica,JAM,2016,2.787336545
Japan,JPN,1990,8.027790049
Japan,JPN,1991,8.097734731
Japan,JPN,1992,8.179700154
Japan,JPN,1993,8.079263685
Japan,JPN,1994,8.458346886
Japan,JPN,1995,8.528785661
Japan,JPN,1996,8.599380942
Japan,JPN,1997,8.471074055
Japan,JPN,1998,8.096871386
Japan,JPN,1999,8.381634544
Japan,JPN,2000,8.496283053
Japan,JPN,2001,8.679706219
Japan,JPN,2002,8.984541765
Japan,JPN,2003,9.031142139
Japan,JPN,2004,8.949876759
Japan,JPN,2005,8.998644078
Japan,JPN,2006,8.033062613
Japan,JPN,2007,8.348327548
Japan,JPN,2008,7.730727639
Japan,JPN,2009,7.253393489
Japan,JPN,2010,7.649873193
Japan,JPN,2011,9.248243177
Japan,JPN,2012,9.605369713
Japan,JPN,2013,9.799476285
Japan,JPN,2014,9.48903401
Japan,JPN,2015,9.243583232
Japan,JPN,2016,9.216439814
Jordan,JOR,1990,2.793045429
Jordan,JOR,1991,2.595744681
Jordan,JOR,1992,2.988939165
Jordan,JOR,1993,2.910518801
Jordan,JOR,1994,2.952380952
Jordan,JOR,1995,2.965787753
Jordan,JOR,1996,2.936826537
Jordan,JOR,1997,2.96762219
Jordan,JOR,1998,2.961165049
Jordan,JOR,1999,2.91136725
Jordan,JOR,2000,2.97149551
Jordan,JOR,2001,2.932719954
Jordan,JOR,2002,3.068822866
Jordan,JOR,2003,2.959146117
Jordan,JOR,2004,3.241935484
Jordan,JOR,2005,3.348942074
Jordan,JOR,2006,3.287716956
Jordan,JOR,2007,3.315747402
Jordan,JOR,2008,3.061317877
Jordan,JOR,2009,3.001595822
Jordan,JOR,2010,2.782979895
Jordan,JOR,2011,2.714341642
Jordan,JOR,2012,2.980222497
Jordan,JOR,2013,2.789059749
Jordan,JOR,2014,2.866913331
Jordan,JOR,2015,2.741987698
Jordan,JOR,2016,2.670085828
Kazakhstan,KAZ,1990,14.52148438
Kazakhstan,KAZ,1991,15.13894827
Kazakhstan,KAZ,1992,15.6995645
Kazakhstan,KAZ,1993,13.51028985
Kazakhstan,KAZ,1994,12.25315192
Kazakhstan,KAZ,1995,10.90725425
Kazakhstan,KAZ,1996,9.611054248
Kazakhstan,KAZ,1997,8.251979748
Kazakhstan,KAZ,1998,8.601053325
Kazakhstan,KAZ,1999,7.892284136
Kazakhstan,KAZ,2000,7.703544864
Kazakhstan,KAZ,2001,7.490945674
Kazakhstan,KAZ,2002,8.102964744
Kazakhstan,KAZ,2003,9.017218543
Kazakhstan,KAZ,2004,9.840655738
Kazakhstan,KAZ,2005,10.53950529
Kazakhstan,KAZ,2006,11.58575011
Kazakhstan,KAZ,2007,12.04305184
Kazakhstan,KAZ,2008,14.62930274
Kazakhstan,KAZ,2009,12.72829271
Kazakhstan,KAZ,2010,13.75584543
Kazakhstan,KAZ,2011,14.68497969
Kazakhstan,KAZ,2012,14.41260745
Kazakhstan,KAZ,2013,15.05814636
Kazakhstan,KAZ,2014,13.70571577
Kazakhstan,KAZ,2015,13.24038243
Kazakhstan,KAZ,2016,13.32118221
Kenya,KEN,1990,2.72455216
Kenya,KEN,1991,2.626213196
Kenya,KEN,1992,2.544420753
Kenya,KEN,1993,2.464034282
Kenya,KEN,1994,2.389892768
Kenya,KEN,1995,2.335782195
Kenya,KEN,1996,2.286543776
Kenya,KEN,1997,2.216820778
Kenya,KEN,1998,2.172892562
Kenya,KEN,1999,2.127078041
Kenya,KEN,2000,2.084154544
Kenya,KEN,2001,-1.215257694
Kenya,KEN,2002,-1.186892629
Kenya,KEN,2003,-1.175351077
Kenya,KEN,2004,-1.124456293
Kenya,KEN,2005,-1.065119454
Kenya,KEN,2006,-0.54370634
Kenya,KEN,2007,-0.544618405
Kenya,KEN,2008,-0.493566546
Kenya,KEN,2009,-0.448144345
Kenya,KEN,2010,-0.429682853
Kenya,KEN,2011,-0.40738339
Kenya,KEN,2012,-0.382698509
Kenya,KEN,2013,-0.387521968
Kenya,KEN,2014,-0.359957173
Kenya,KEN,2015,-0.302853085
Kenya,KEN,2016,-0.268694447
Kiribati,KIR,1990,0.138888889
Kiribati,KIR,1991,0.135135135
Kiribati,KIR,1992,0.266666667
Kiribati,KIR,1993,0.263157895
Kiribati,KIR,1994,0.25974026
Kiribati,KIR,1995,0.256410256
Kiribati,KIR,1996,0.379746835
Kiribati,KIR,1997,0.25
Kiribati,KIR,1998,0.243902439
Kiribati,KIR,1999,0.240963855
Kiribati,KIR,2000,0.238095238
Kiribati,KIR,2001,0.23255814
Kiribati,KIR,2002,0.344827586
Kiribati,KIR,2003,0.337078652
Kiribati,KIR,2004,0.444444444
Kiribati,KIR,2005,0.652173913
Kiribati,KIR,2006,0.638297872
Kiribati,KIR,2007,0.515463918
Kiribati,KIR,2008,0.505050505
Kiribati,KIR,2009,0.297029703
Kiribati,KIR,2010,0.582524272
Kiribati,KIR,2011,0.571428571
Kiribati,KIR,2012,0.566037736
Kiribati,KIR,2013,0.555555556
Kiribati,KIR,2014,0.550458716
Kiribati,KIR,2015,0.540540541
Kiribati,KIR,2016,0.442477876
Kuwait,KWT,1990,14.06205251
Kuwait,KWT,1991,17.71541113
Kuwait,KWT,1992,12.14435146
Kuwait,KWT,1993,16.5820643
Kuwait,KWT,1994,20.49427366
Kuwait,KWT,1995,21.22042341
Kuwait,KWT,1996,20.34419176
Kuwait,KWT,1997,20.05263158
Kuwait,KWT,1998,21.97160022
Kuwait,KWT,1999,22.67418033
Kuwait,KWT,2000,23.30562347
Kuwait,KWT,2001,24.4127437
Kuwait,KWT,2002,25.27374825
Kuwait,KWT,2003,25.93432007
Kuwait,KWT,2004,26.77727273
Kuwait,KWT,2005,29.63436123
Kuwait,KWT,2006,29.32603201
Kuwait,KWT,2007,27.43210863
Kuwait,KWT,2008,27.43599398
Kuwait,KWT,2009,28.16731655
Kuwait,KWT,2010,26.08957219
Kuwait,KWT,2011,25.08207071
Kuwait,KWT,2012,23.39802926
Kuwait,KWT,2013,25.0453772
Kuwait,KWT,2014,22.56840965
Kuwait,KWT,2015,24.09541189
Kuwait,KWT,2016,23.25751832
Kyrgyzstan,KGZ,1990,4.642122113
Kyrgyzstan,KGZ,1991,4.049773756
Kyrgyzstan,KGZ,1992,2.555006736
Kyrgyzstan,KGZ,1993,1.717216771
Kyrgyzstan,KGZ,1994,0.920557645
Kyrgyzstan,KGZ,1995,0.486202365
Kyrgyzstan,KGZ,1996,0.719377835
Kyrgyzstan,KGZ,1997,0.696982575
Kyrgyzstan,KGZ,1998,0.754125757
Kyrgyzstan,KGZ,1999,0.487554001
Kyrgyzstan,KGZ,2000,0.471448893
Kyrgyzstan,KGZ,2001,0.320370744
Kyrgyzstan,KGZ,2002,0.502905229
Kyrgyzstan,KGZ,2003,0.640207419
Kyrgyzstan,KGZ,2004,0.625124033
Kyrgyzstan,KGZ,2005,0.569458128
Kyrgyzstan,KGZ,2006,3.862217018
Kyrgyzstan,KGZ,2007,4.041280864
Kyrgyzstan,KGZ,2008,4.17697431
Kyrgyzstan,KGZ,2009,3.971883786
Kyrgyzstan,KGZ,2010,3.828845444
Kyrgyzstan,KGZ,2011,1.241391809
Kyrgyzstan,KGZ,2012,1.657773035
Kyrgyzstan,KGZ,2013,1.528529053
Kyrgyzstan,KGZ,2014,1.515825492
Kyrgyzstan,KGZ,2015,1.619399228
Kyrgyzstan,KGZ,2016,1.489957195
Laos,LAO,1990,2.033818694
Laos,LAO,1991,1.982187714
Laos,LAO,1992,1.933333333
Laos,LAO,1993,1.883116883
Laos,LAO,1994,1.841216216
Laos,LAO,1995,1.813867107
Laos,LAO,1996,1.799636437
Laos,LAO,1997,1.792079208
Laos,LAO,1998,1.772594752
Laos,LAO,1999,1.787965616
Laos,LAO,2000,1.759954921
Laos,LAO,2001,3.153419593
Laos,LAO,2002,3.15310395
Laos,LAO,2003,3.096646943
Laos,LAO,2004,3.103143765
Laos,LAO,2005,3.056328234
Laos,LAO,2006,3.029421827
Laos,LAO,2007,2.869638352
Laos,LAO,2008,2.82784852
Laos,LAO,2009,2.819970727
Laos,LAO,2010,2.832453193
Laos,LAO,2011,2.783553875
Laos,LAO,2012,2.747866563
Laos,LAO,2013,2.690720073
Laos,LAO,2014,2.69126506
Laos,LAO,2015,3.935617861
Laos,LAO,2016,3.879637745
Latvia,LVA,1990,2.143393393
Latvia,LVA,1991,1.551528879
Latvia,LVA,1992,0.480916031
Latvia,LVA,1993,-0.371660859
Latvia,LVA,1994,-0.982704403
Latvia,LVA,1995,-1.471291866
Latvia,LVA,1996,-1.476401775
Latvia,LVA,1997,-1.699959234
Latvia,LVA,1998,-1.879884821
Latvia,LVA,1999,-2.134551495
Latvia,LVA,2000,-2.424496644
Latvia,LVA,2001,1.407376007
Latvia,LVA,2002,1.517359623
Latvia,LVA,2003,1.665221162
Latvia,LVA,2004,1.623519087
Latvia,LVA,2005,1.669626998
Latvia,LVA,2006,-3.298876404
Latvia,LVA,2007,-3.166515014
Latvia,LVA,2008,-3.431598342
Latvia,LVA,2009,-3.794871795
Latvia,LVA,2010,-3.284568193
Latvia,LVA,2011,-2.769818529
Latvia,LVA,2012,-2.933784437
Latvia,LVA,2013,-3.02200489
Latvia,LVA,2014,-3.151904998
Latvia,LVA,2015,-3.198198198
Latvia,LVA,2016,-3.308004053
Lebanon,LBN,1990,2.001427042
Lebanon,LBN,1991,2.392197125
Lebanon,LBN,1992,2.282184655
Lebanon,LBN,1993,3.170055453
Lebanon,LBN,1994,3.308845137
Lebanon,LBN,1995,3.761337868
Lebanon,LBN,1996,3.899196898
Lebanon,LBN,1997,4.387643521
Lebanon,LBN,1998,4.393611262
Lebanon,LBN,1999,4.54375667
Lebanon,LBN,2000,4.067135051
Lebanon,LBN,2001,4.219493861
Lebanon,LBN,2002,4.00047824
Lebanon,LBN,2003,3.95396536
Lebanon,LBN,2004,3.887065003
Lebanon,LBN,2005,3.660353267
Lebanon,LBN,2006,3.289915966
Lebanon,LBN,2007,2.983008181
Lebanon,LBN,2008,3.794333683
Lebanon,LBN,2009,4.529399543
Lebanon,LBN,2010,4.187361195
Lebanon,LBN,2011,4.050365244
Lebanon,LBN,2012,4.225352113
Lebanon,LBN,2013,3.911719939
Lebanon,LBN,2014,3.96102859
Lebanon,LBN,2015,3.831317924
Lebanon,LBN,2016,3.787607983
Lesotho,LSO,1990,0.839201878
Lesotho,LSO,1991,0.854847963
Lesotho,LSO,1992,0.869809203
Lesotho,LSO,1993,0.872667398
Lesotho,LSO,1994,0.875873186
Lesotho,LSO,1995,0.879410216
Lesotho,LSO,1996,0.879007239
Lesotho,LSO,1997,0.879065041
Lesotho,LSO,1998,0.880880881
Lesotho,LSO,1999,0.881188119
Lesotho,LSO,2000,0.890309887
Lesotho,LSO,2001,0.903732809
Lesotho,LSO,2002,0.916256158
Lesotho,LSO,2003,0.936570862
Lesotho,LSO,2004,0.972083749
Lesotho,LSO,2005,0.986973948
Lesotho,LSO,2006,1.005025126
Lesotho,LSO,2007,1.026673377
Lesotho,LSO,2008,1.05183694
Lesotho,LSO,2009,1.095477387
Lesotho,LSO,2010,1.122244489
Lesotho,LSO,2011,1.062874251
Lesotho,LSO,2012,1.091811414
Lesotho,LSO,2013,1.099063578
Lesotho,LSO,2014,1.111111111
Lesotho,LSO,2015,0.257406508
Lesotho,LSO,2016,0.245783133
Liberia,LBR,1990,7.461464355
Liberia,LBR,1991,7.5
Liberia,LBR,1992,7.642357642
Liberia,LBR,1993,7.754172989
Liberia,LBR,1994,7.719033233
Liberia,LBR,1995,7.501222494
Liberia,LBR,1996,7.101851852
Liberia,LBR,1997,6.60361135
Liberia,LBR,1998,6.110448947
Liberia,LBR,1999,5.703703704
Liberia,LBR,2000,5.414325843
Liberia,LBR,2001,5.247122546
Liberia,LBR,2002,5.123966942
Liberia,LBR,2003,5.050373741
Liberia,LBR,2004,4.984056122
Liberia,LBR,2005,4.888129273
Liberia,LBR,2006,4.731150496
Liberia,LBR,2007,4.526285384
Liberia,LBR,2008,4.318181818
Liberia,LBR,2009,4.15823122
Liberia,LBR,2010,4.063222822
Liberia,LBR,2011,0.555140652
Liberia,LBR,2012,0.582688588
Liberia,LBR,2013,0.536723164
Liberia,LBR,2014,0.513761468
Liberia,LBR,2015,0.592576029
Liberia,LBR,2016,0.57117942
Libya,LBY,1990,8.122605364
Libya,LBY,1991,7.337147887
Libya,LBY,1992,6.510427865
Libya,LBY,1993,6.479495268
Libya,LBY,1994,7.390319258
Libya,LBY,1995,7.585370782
Libya,LBY,1996,7.829626688
Libya,LBY,1997,7.604533021
Libya,LBY,1998,7.687127189
Libya,LBY,1999,7.215693707
Libya,LBY,2000,7.452407615
Libya,LBY,2001,7.618960132
Libya,LBY,2002,7.881034171
Libya,LBY,2003,7.875822807
Libya,LBY,2004,7.963222417
Libya,LBY,2005,8.454906018
Libya,LBY,2006,8.355698998
Libya,LBY,2007,7.718828452
Libya,LBY,2008,8.463442812
Libya,LBY,2009,8.749592436
Libya,LBY,2010,9.22071636
Libya,LBY,2011,6.089322875
Libya,LBY,2012,8.293032135
Libya,LBY,2013,8.685126582
Libya,LBY,2014,8.932725558
Libya,LBY,2015,7.898099096
Libya,LBY,2016,8.023721503
Liechtenstein,LIE,1990,-0.344827586
Liechtenstein,LIE,1991,-0.344827586
Liechtenstein,LIE,1992,-0.333333333
Liechtenstein,LIE,1993,-0.333333333
Liechtenstein,LIE,1994,-0.333333333
Liechtenstein,LIE,1995,-0.322580645
Liechtenstein,LIE,1996,-0.322580645
Liechtenstein,LIE,1997,-0.3125
Liechtenstein,LIE,1998,-0.3125
Liechtenstein,LIE,1999,-0.303030303
Liechtenstein,LIE,2000,-0.303030303
Liechtenstein,LIE,2001,0
Liechtenstein,LIE,2002,0
Liechtenstein,LIE,2003,0
Liechtenstein,LIE,2004,0
Liechtenstein,LIE,2005,0
Liechtenstein,LIE,2006,0
Liechtenstein,LIE,2007,1.714285714
Liechtenstein,LIE,2008,1.714285714
Liechtenstein,LIE,2009,1.388888889
Liechtenstein,LIE,2010,1.666666667
Liechtenstein,LIE,2011,1.388888889
Liechtenstein,LIE,2012,1.351351351
Liechtenstein,LIE,2013,1.351351351
Liechtenstein,LIE,2014,1.081081081
Liechtenstein,LIE,2015,0
Liechtenstein,LIE,2016,0
Lithuania,LTU,1990,8.896103896
Lithuania,LTU,1991,9.461725724
Lithuania,LTU,1992,5.588394794
Lithuania,LTU,1993,4.472895669
Lithuania,LTU,1994,4.231296246
Lithuania,LTU,1995,3.961952026
Lithuania,LTU,1996,4.128745838
Lithuania,LTU,1997,4.086592179
Lithuania,LTU,1998,4.323488045
Lithuania,LTU,1999,3.661093794
Lithuania,LTU,2000,3.183894917
Lithuania,LTU,2001,3.520437536
Lithuania,LTU,2002,3.561683599
Lithuania,LTU,2003,3.608670182
Lithuania,LTU,2004,3.836143153
Lithuania,LTU,2005,4.123803828
Lithuania,LTU,2006,3.648198607
Lithuania,LTU,2007,3.758821724
Lithuania,LTU,2008,3.769063181
Lithuania,LTU,2009,3.394379539
Lithuania,LTU,2010,3.709987196
Lithuania,LTU,2011,3.470645475
Lithuania,LTU,2012,3.529218647
Lithuania,LTU,2013,3.393153872
Lithuania,LTU,2014,3.274991585
Lithuania,LTU,2015,3.396998636
Lithuania,LTU,2016,3.487889273
Luxembourg,LUX,1990,29.05759162
Luxembourg,LUX,1991,30
Luxembourg,LUX,1992,28.84910486
Luxembourg,LUX,1993,28.94206549
Luxembourg,LUX,1994,26.49253731
Luxembourg,LUX,1995,20.80882353
Luxembourg,LUX,1996,20.72463768
Luxembourg,LUX,1997,19.28571429
Luxembourg,LUX,1998,17.37089202
Luxembourg,LUX,1999,18.14385151
Luxembourg,LUX,2000,18.0733945
Luxembourg,LUX,2001,20.79545455
Luxembourg,LUX,2002,22.22972973
Luxembourg,LUX,2003,22.84116331
Luxembourg,LUX,2004,25.77433628
Luxembourg,LUX,2005,26.09170306
Luxembourg,LUX,2006,25.19313305
Luxembourg,LUX,2007,23.45263158
Luxembourg,LUX,2008,22.70103093
Luxembourg,LUX,2009,21.08651911
Luxembourg,LUX,2010,21.63385827
Luxembourg,LUX,2011,21.02119461
Luxembourg,LUX,2012,20.11299435
Luxembourg,LUX,2013,18.72928177
Luxembourg,LUX,2014,17.40540541
Luxembourg,LUX,2015,16.10229277
Luxembourg,LUX,2016,15.30224525
Madagascar,MDG,1990,3.689973274
Madagascar,MDG,1991,3.590387675
Madagascar,MDG,1992,3.48345663
Madagascar,MDG,1993,3.383037475
Madagascar,MDG,1994,3.299915818
Madagascar,MDG,1995,3.199257885
Madagascar,MDG,1996,3.058332734
Madagascar,MDG,1997,2.943267354
Madagascar,MDG,1998,2.909041799
Madagascar,MDG,1999,2.800497285
Madagascar,MDG,2000,2.647935562
Madagascar,MDG,2001,1.888567739
Madagascar,MDG,2002,1.522218908
Madagascar,MDG,2003,1.553330633
Madagascar,MDG,2004,1.593551649
Madagascar,MDG,2005,1.58041119
Madagascar,MDG,2006,1.929025424
Madagascar,MDG,2007,1.951219512
Madagascar,MDG,2008,1.783856771
Madagascar,MDG,2009,1.964120764
Madagascar,MDG,2010,1.85892587
Madagascar,MDG,2011,1.258738043
Madagascar,MDG,2012,1.116033472
Madagascar,MDG,2013,1.286529332
Madagascar,MDG,2014,1.167019924
Madagascar,MDG,2015,1.098869357
Madagascar,MDG,2016,1.095846389
Malawi,MWI,1990,0.769885155
Malawi,MWI,1991,0.760416667
Malawi,MWI,1992,0.752632666
Malawi,MWI,1993,0.761071061
Malawi,MWI,1994,0.760311923
Malawi,MWI,1995,0.753758635
Malawi,MWI,1996,0.784196348
Malawi,MWI,1997,0.77057964
Malawi,MWI,1998,0.74772555
Malawi,MWI,1999,0.710337203
Malawi,MWI,2000,0.724728675
Malawi,MWI,2001,0.786389083
Malawi,MWI,2002,0.693187639
Malawi,MWI,2003,0.685833333
Malawi,MWI,2004,0.654365144
Malawi,MWI,2005,0.639157294
Malawi,MWI,2006,0.553414521
Malawi,MWI,2007,0.547144356
Malawi,MWI,2008,0.541958042
Malawi,MWI,2009,0.532984145
Malawi,MWI,2010,0.539202201
Malawi,MWI,2011,0.355567438
Malawi,MWI,2012,0.339698623
Malawi,MWI,2013,0.339667908
Malawi,MWI,2014,0.33456108
Malawi,MWI,2015,0.317109585
Malawi,MWI,2016,0.308049985
Malaysia,MYS,1990,9.628397116
Malaysia,MYS,1991,9.784017279
Malaysia,MYS,1992,9.853707309
Malaysia,MYS,1993,9.732614832
Malaysia,MYS,1994,9.775252778
Malaysia,MYS,1995,9.869679813
Malaysia,MYS,1996,10.01950709
Malaysia,MYS,1997,10.12892455
Malaysia,MYS,1998,10.70314266
Malaysia,MYS,1999,9.907329774
Malaysia,MYS,2000,10.08105545
Malaysia,MYS,2001,11.01775697
Malaysia,MYS,2002,11.39871117
Malaysia,MYS,2003,11.49398761
Malaysia,MYS,2004,12.09003215
Malaysia,MYS,2005,12.32960959
Malaysia,MYS,2006,5.644607282
Malaysia,MYS,2007,6.367889222
Malaysia,MYS,2008,6.62028198
Malaysia,MYS,2009,6.346854155
Malaysia,MYS,2010,6.681792399
Malaysia,MYS,2011,2.348609124
Malaysia,MYS,2012,2.283954864
Malaysia,MYS,2013,2.83925481
Malaysia,MYS,2014,3.662905548
Malaysia,MYS,2015,3.202404942
Malaysia,MYS,2016,3.04969855
Maldives,MDV,1990,0.762331839
Maldives,MDV,1991,0.652173913
Maldives,MDV,1992,0.974576271
Maldives,MDV,1993,0.823045267
Maldives,MDV,1994,0.803212851
Maldives,MDV,1995,0.984251969
Maldives,MDV,1996,1.11969112
Maldives,MDV,1997,1.25
Maldives,MDV,1998,1.119402985
Maldives,MDV,1999,1.532846715
Maldives,MDV,2000,1.612903226
Maldives,MDV,2001,1.608391608
Maldives,MDV,2002,2.006802721
Maldives,MDV,2003,1.683168317
Maldives,MDV,2004,2.154340836
Maldives,MDV,2005,1.875
Maldives,MDV,2006,2.324159021
Maldives,MDV,2007,2.328358209
Maldives,MDV,2008,2.448979592
Maldives,MDV,2009,2.492917847
Maldives,MDV,2010,2.540983607
Maldives,MDV,2011,2.605263158
Maldives,MDV,2012,2.795969773
Maldives,MDV,2013,2.620192308
Maldives,MDV,2014,3.08045977
Maldives,MDV,2015,3.582417582
Maldives,MDV,2016,3.466386555
Mali,MLI,1990,0.823668639
Mali,MLI,1991,0.807086614
Mali,MLI,1992,0.788700565
Mali,MLI,1993,0.769230769
Mali,MLI,1994,0.749866095
Mali,MLI,1995,0.731274776
Mali,MLI,1996,0.713559667
Mali,MLI,1997,0.699425401
Mali,MLI,1998,0.704565196
Mali,MLI,1999,0.688715588
Mali,MLI,2000,0.672391741
Mali,MLI,2001,0.652945351
Mali,MLI,2002,0.635275889
Mali,MLI,2003,0.615872486
Mali,MLI,2004,0.599078341
Mali,MLI,2005,0.581559173
Mali,MLI,2006,0.566537908
Mali,MLI,2007,0.552340488
Mali,MLI,2008,0.538472439
Mali,MLI,2009,0.503394829
Mali,MLI,2010,0.498371985
Mali,MLI,2011,0.489203996
Mali,MLI,2012,0.471243507
Mali,MLI,2013,0.460182371
Mali,MLI,2014,0.469469706
Mali,MLI,2015,0.556797982
Mali,MLI,2016,0.552741442
Malta,MLT,1990,6.35359116
Malta,MLT,1991,6.02739726
Malta,MLT,1992,5.97826087
Malta,MLT,1993,7.547169811
Malta,MLT,1994,6.684491979
Malta,MLT,1995,6.366047745
Malta,MLT,1996,6.052631579
Malta,MLT,1997,6.510416667
Malta,MLT,1998,6.201550388
Malta,MLT,1999,6.138107417
Malta,MLT,2000,5.329949239
Malta,MLT,2001,6.313131313
Malta,MLT,2002,5.764411028
Malta,MLT,2003,6.483790524
Malta,MLT,2004,6.451612903
Malta,MLT,2005,6.419753086
Malta,MLT,2006,6.403940887
Malta,MLT,2007,6.617647059
Malta,MLT,2008,6.601466993
Malta,MLT,2009,6.067961165
Malta,MLT,2010,6.280193237
Malta,MLT,2011,6.220095694
Malta,MLT,2012,6.398104265
Malta,MLT,2013,5.633802817
Malta,MLT,2014,5.581395349
Malta,MLT,2015,3.686635945
Malta,MLT,2016,3.211009174
Marshall Islands,MHL,1990,0
Marshall Islands,MHL,1991,0
Marshall Islands,MHL,1992,1.224489796
Marshall Islands,MHL,1993,1.2
Marshall Islands,MHL,1994,1.4
Marshall Islands,MHL,1995,1.4
Marshall Islands,MHL,1996,1.37254902
Marshall Islands,MHL,1997,1.4
Marshall Islands,MHL,1998,1.4
Marshall Islands,MHL,1999,1.4
Marshall Islands,MHL,2000,1.568627451
Marshall Islands,MHL,2001,1.568627451
Marshall Islands,MHL,2002,1.538461538
Marshall Islands,MHL,2003,1.509433962
Marshall Islands,MHL,2004,1.666666667
Marshall Islands,MHL,2005,1.454545455
Marshall Islands,MHL,2006,1.607142857
Marshall Islands,MHL,2007,1.785714286
Marshall Islands,MHL,2008,1.785714286
Marshall Islands,MHL,2009,1.785714286
Marshall Islands,MHL,2010,1.785714286
Marshall Islands,MHL,2011,1.754385965
Marshall Islands,MHL,2012,1.754385965
Marshall Islands,MHL,2013,1.754385965
Marshall Islands,MHL,2014,1.754385965
Marshall Islands,MHL,2015,0
Marshall Islands,MHL,2016,0
Mauritania,MRT,1990,0.958702065
Mauritania,MRT,1991,0.94348659
Mauritania,MRT,1992,0.937937471
Mauritania,MRT,1993,0.923146885
Mauritania,MRT,1994,0.913120567
Mauritania,MRT,1995,0.911840968
Mauritania,MRT,1996,0.910240202
Mauritania,MRT,1997,0.895645029
Mauritania,MRT,1998,0.869391026
Mauritania,MRT,1999,0.858704137
Mauritania,MRT,2000,0.840304183
Mauritania,MRT,2001,0.840118431
Mauritania,MRT,2002,0.845932325
Mauritania,MRT,2003,0.836541827
Mauritania,MRT,2004,0.847226948
Mauritania,MRT,2005,0.83994709
Mauritania,MRT,2006,0.623393316
Mauritania,MRT,2007,0.671245707
Mauritania,MRT,2008,0.694781553
Mauritania,MRT,2009,0.727969349
Mauritania,MRT,2010,0.706926159
Mauritania,MRT,2011,0.163934426
Mauritania,MRT,2012,0.21850553
Mauritania,MRT,2013,0.212208541
Mauritania,MRT,2014,0.206054439
Mauritania,MRT,2015,0.281759763
Mauritania,MRT,2016,0.264169068
Mauritius,MUS,1990,1.107954545
Mauritius,MUS,1991,1.189138577
Mauritius,MUS,1992,1.172668513
Mauritius,MUS,1993,1.337579618
Mauritius,MUS,1994,1.31956912
Mauritius,MUS,1995,1.39061116
Mauritius,MUS,1996,1.374781086
Mauritius,MUS,1997,1.360485269
Mauritius,MUS,1998,1.519313305
Mauritius,MUS,1999,1.845238095
Mauritius,MUS,2000,2
Mauritius,MUS,2001,2.328308208
Mauritius,MUS,2002,2.31281198
Mauritius,MUS,2003,2.382133995
Mauritius,MUS,2004,2.450657895
Mauritius,MUS,2005,2.602291326
Mauritius,MUS,2006,2.679153094
Mauritius,MUS,2007,2.747163695
Mauritius,MUS,2008,2.816787732
Mauritius,MUS,2009,2.725080386
Mauritius,MUS,2010,2.956730769
Mauritius,MUS,2011,2.869704237
Mauritius,MUS,2012,2.944932163
Mauritius,MUS,2013,3.019920319
Mauritius,MUS,2014,3.174224344
Mauritius,MUS,2015,3.16918189
Mauritius,MUS,2016,3.161648177
Mexico,MEX,1990,3.411124215
Mexico,MEX,1991,3.561212915
Mexico,MEX,1992,3.541889176
Mexico,MEX,1993,3.604739069
Mexico,MEX,1994,3.825258441
Mexico,MEX,1995,3.547123703
Mexico,MEX,1996,3.703715632
Mexico,MEX,1997,3.891725064
Mexico,MEX,1998,4.083034896
Mexico,MEX,1999,3.893009181
Mexico,MEX,2000,4.079979778
Mexico,MEX,2001,4.010947377
Mexico,MEX,2002,4.015538182
Mexico,MEX,2003,4.138687052
Mexico,MEX,2004,4.149452232
Mexico,MEX,2005,4.263289467
Mexico,MEX,2006,4.30448122
Mexico,MEX,2007,4.359949071
Mexico,MEX,2008,4.428100889
Mexico,MEX,2009,4.225885617
Mexico,MEX,2010,4.22707791
Mexico,MEX,2011,4.241064869
Mexico,MEX,2012,4.182086396
Mexico,MEX,2013,4.036035581
Mexico,MEX,2014,3.884175979
Mexico,MEX,2015,3.917182294
Mexico,MEX,2016,3.895469988
Moldova,MDA,1990,6.68575355
Moldova,MDA,1991,5.323428571
Moldova,MDA,1992,4.343157414
Moldova,MDA,1993,3.692518874
Moldova,MDA,1994,2.95021794
Moldova,MDA,1995,2.506334946
Moldova,MDA,1996,2.110750695
Moldova,MDA,1997,1.934204386
Moldova,MDA,1998,1.722679201
Moldova,MDA,1999,1.426881212
Moldova,MDA,2000,1.282417321
Moldova,MDA,2001,1.447336995
Moldova,MDA,2002,1.507898516
Moldova,MDA,2003,1.64390127
Moldova,MDA,2004,1.645873321
Moldova,MDA,2005,1.740803078
Moldova,MDA,2006,1.700434153
Moldova,MDA,2007,1.757869249
Moldova,MDA,2008,1.745684415
Moldova,MDA,2009,1.642264519
Moldova,MDA,2010,1.793930494
Moldova,MDA,2011,1.762686933
Moldova,MDA,2012,1.719823356
Moldova,MDA,2013,1.487116564
Moldova,MDA,2014,1.600785662
Moldova,MDA,2015,1.712110047
Moldova,MDA,2016,1.728971963
Mongolia,MNG,1990,15.63186813
Mongolia,MNG,1991,16.22633003
Mongolia,MNG,1992,15.18502006
Mongolia,MNG,1993,14.59566947
Mongolia,MNG,1994,13.83333333
Mongolia,MNG,1995,13.68581375
Mongolia,MNG,1996,12.90461804
Mongolia,MNG,1997,14.28510274
Mongolia,MNG,1998,12.47028862
Mongolia,MNG,1999,12.35690236
Mongolia,MNG,2000,13.30413016
Mongolia,MNG,2001,11.62396694
Mongolia,MNG,2002,12.64428981
Mongolia,MNG,2003,11.24341839
Mongolia,MNG,2004,11.5224359
Mongolia,MNG,2005,11.7695962
Mongolia,MNG,2006,14.54083626
Mongolia,MNG,2007,14.33307633
Mongolia,MNG,2008,13.91717325
Mongolia,MNG,2009,12.46073298
Mongolia,MNG,2010,12.29044118
Mongolia,MNG,2011,12.90974729
Mongolia,MNG,2012,13.18938053
Mongolia,MNG,2013,13.2130465
Mongolia,MNG,2014,12.7244898
Mongolia,MNG,2015,13.1054036
Mongolia,MNG,2016,12.29057592
Montenegro,MNE,1990,-1.983739837
Montenegro,MNE,1991,-1.980519481
Montenegro,MNE,1992,-1.977309562
Montenegro,MNE,1993,-1.97092084
Montenegro,MNE,1994,-1.967741935
Montenegro,MNE,1995,-1.967741935
Montenegro,MNE,1996,-1.967741935
Montenegro,MNE,1997,-1.974110032
Montenegro,MNE,1998,-1.980519481
Montenegro,MNE,1999,-1.983739837
Montenegro,MNE,2000,-1.986970684
Montenegro,MNE,2001,-2.088091354
Montenegro,MNE,2002,-2.088091354
Montenegro,MNE,2003,-2.084690554
Montenegro,MNE,2004,-2.081300813
Montenegro,MNE,2005,1.168831169
Montenegro,MNE,2006,-23.78640777
Montenegro,MNE,2007,-23.85483871
Montenegro,MNE,2008,-22.86634461
Montenegro,MNE,2009,-24.39807384
Montenegro,MNE,2010,-22.91666667
Montenegro,MNE,2011,4.128
Montenegro,MNE,2012,3.722044728
Montenegro,MNE,2013,3.722044728
Montenegro,MNE,2014,3.55661882
Montenegro,MNE,2015,3.875598086
Montenegro,MNE,2016,3.397129187
Morocco,MAR,1990,0.522836296
Morocco,MAR,1991,0.579968329
Morocco,MAR,1992,0.639026098
Morocco,MAR,1993,0.654941694
Morocco,MAR,1994,0.7271291
Morocco,MAR,1995,0.756464399
Morocco,MAR,1996,0.733301684
Morocco,MAR,1997,0.776436678
Morocco,MAR,1998,0.789754536
Morocco,MAR,1999,0.836730391
Morocco,MAR,2000,0.852260888
Morocco,MAR,2001,0.940396896
Morocco,MAR,2002,0.97436768
Morocco,MAR,2003,0.963972736
Morocco,MAR,2004,1.083513199
Morocco,MAR,2005,1.147228789
Morocco,MAR,2006,1.522480117
Morocco,MAR,2007,1.553394943
Morocco,MAR,2008,1.615245585
Morocco,MAR,2009,1.607316233
Morocco,MAR,2010,1.681971369
Morocco,MAR,2011,1.719541212
Morocco,MAR,2012,1.764334276
Morocco,MAR,2013,1.7270732
Morocco,MAR,2014,1.745145063
Morocco,MAR,2015,1.780233095
Morocco,MAR,2016,1.753971417
Mozambique,MOZ,1990,2.797412797
Mozambique,MOZ,1991,2.710834334
Mozambique,MOZ,1992,2.630015935
Mozambique,MOZ,1993,2.540533018
Mozambique,MOZ,1994,2.429756489
Mozambique,MOZ,1995,2.345798618
Mozambique,MOZ,1996,2.278822055
Mozambique,MOZ,1997,2.225407087
Mozambique,MOZ,1998,2.170215297
Mozambique,MOZ,1999,2.110299235
Mozambique,MOZ,2000,2.066960253
Mozambique,MOZ,2001,2.049171331
Mozambique,MOZ,2002,2.000106587
Mozambique,MOZ,2003,1.959029538
Mozambique,MOZ,2004,1.900959269
Mozambique,MOZ,2005,1.836147165
Mozambique,MOZ,2006,1.513282732
Mozambique,MOZ,2007,1.491256402
Mozambique,MOZ,2008,1.4521704
Mozambique,MOZ,2009,1.42258135
Mozambique,MOZ,2010,1.39427163
Mozambique,MOZ,2011,1.677277989
Mozambique,MOZ,2012,1.626915497
Mozambique,MOZ,2013,1.600485114
Mozambique,MOZ,2014,1.597047858
Mozambique,MOZ,2015,1.594186821
Mozambique,MOZ,2016,1.624505929
Myanmar,MMR,1990,2.595621144
Myanmar,MMR,1991,2.559083313
Myanmar,MMR,1992,2.533135229
Myanmar,MMR,1993,2.517370016
Myanmar,MMR,1994,2.507894798
Myanmar,MMR,1995,2.506036171
Myanmar,MMR,1996,2.448483758
Myanmar,MMR,1997,2.407222333
Myanmar,MMR,1998,2.40753327
Myanmar,MMR,1999,2.402503194
Myanmar,MMR,2000,2.38677226
Myanmar,MMR,2001,1.832080466
Myanmar,MMR,2002,1.800763071
Myanmar,MMR,2003,1.85839789
Myanmar,MMR,2004,1.875051478
Myanmar,MMR,2005,1.816547497
Myanmar,MMR,2006,1.823492424
Myanmar,MMR,2007,1.808306967
Myanmar,MMR,2008,1.715401562
Myanmar,MMR,2009,1.726965174
Myanmar,MMR,2010,1.755894152
Myanmar,MMR,2011,2.017022612
Myanmar,MMR,2012,2.069280741
Myanmar,MMR,2013,2.114865386
Myanmar,MMR,2014,2.155276295
Myanmar,MMR,2015,2.208386325
Myanmar,MMR,2016,2.217739655
Namibia,NAM,1990,5.436147941
Namibia,NAM,1991,6.02303523
Namibia,NAM,1992,5.926170073
Namibia,NAM,1993,5.909967846
Namibia,NAM,1994,5.961055276
Namibia,NAM,1995,5.890663391
Namibia,NAM,1996,6.271797956
Namibia,NAM,1997,6.160188457
Namibia,NAM,1998,6.166281755
Namibia,NAM,1999,6.026077098
Namibia,NAM,2000,6.100278552
Namibia,NAM,2001,5.652412281
Namibia,NAM,2002,5.410367171
Namibia,NAM,2003,5.375199574
Namibia,NAM,2004,5.36687631
Namibia,NAM,2005,5.366357069
Namibia,NAM,2006,5.28665652
Namibia,NAM,2007,5.266567015
Namibia,NAM,2008,5.325501713
Namibia,NAM,2009,5.281114849
Namibia,NAM,2010,5.205285512
Namibia,NAM,2011,5.197032916
Namibia,NAM,2012,5.207289294
Namibia,NAM,2013,5.228290063
Namibia,NAM,2014,5.230972283
Namibia,NAM,2015,5.252699784
Namibia,NAM,2016,5.271416455
Nauru,NRU,1990,12
Nauru,NRU,1991,12
Nauru,NRU,1992,12
Nauru,NRU,1993,11
Nauru,NRU,1994,11
Nauru,NRU,1995,10
Nauru,NRU,1996,9.090909091
Nauru,NRU,1997,9.090909091
Nauru,NRU,1998,9.090909091
Nauru,NRU,1999,9
Nauru,NRU,2000,8
Nauru,NRU,2001,8
Nauru,NRU,2002,8
Nauru,NRU,2003,7
Nauru,NRU,2004,7
Nauru,NRU,2005,6
Nauru,NRU,2006,4
Nauru,NRU,2007,4
Nauru,NRU,2008,4
Nauru,NRU,2009,4
Nauru,NRU,2010,4
Nauru,NRU,2011,4
Nauru,NRU,2012,4
Nauru,NRU,2013,4
Nauru,NRU,2014,5
Nauru,NRU,2015,7
Nauru,NRU,2016,8
Nepal,NPL,1990,1.844485586
Nepal,NPL,1991,1.807688344
Nepal,NPL,1992,1.761460528
Nepal,NPL,1993,1.724743777
Nepal,NPL,1994,1.694786369
Nepal,NPL,1995,1.662031887
Nepal,NPL,1996,1.5943866
Nepal,NPL,1997,1.569625858
Nepal,NPL,1998,1.546534825
Nepal,NPL,1999,1.564440664
Nepal,NPL,2000,1.530011278
Nepal,NPL,2001,1.339795457
Nepal,NPL,2002,1.276793658
Nepal,NPL,2003,1.308958973
Nepal,NPL,2004,1.256146977
Nepal,NPL,2005,1.275587493
Nepal,NPL,2006,0.220201788
Nepal,NPL,2007,0.218701437
Nepal,NPL,2008,0.252746841
Nepal,NPL,2009,0.312453504
Nepal,NPL,2010,0.310591197
Nepal,NPL,2011,0.315446914
Nepal,NPL,2012,0.382748527
Nepal,NPL,2013,0.37188394
Nepal,NPL,2014,0.426670631
Nepal,NPL,2015,0.355358134
Nepal,NPL,2016,0.579906833
Netherlands,NLD,1990,9.963915804
Netherlands,NLD,1991,10.30136077
Netherlands,NLD,1992,10.15363313
Netherlands,NLD,1993,10.41131779
Netherlands,NLD,1994,10.29084521
Netherlands,NLD,1995,10.67235583
Netherlands,NLD,1996,11.22020176
Netherlands,NLD,1997,10.68157138
Netherlands,NLD,1998,10.64905373
Netherlands,NLD,1999,10.25258904
Netherlands,NLD,2000,10.23546402
Netherlands,NLD,2001,10.52003996
Netherlands,NLD,2002,10.46368715
Netherlands,NLD,2003,10.58514906
Netherlands,NLD,2004,10.63609013
Netherlands,NLD,2005,10.30732572
Netherlands,NLD,2006,9.886861314
Netherlands,NLD,2007,9.893378567
Netherlands,NLD,2008,9.914292612
Netherlands,NLD,2009,9.585588837
Netherlands,NLD,2010,10.17203141
Netherlands,NLD,2011,9.444378062
Netherlands,NLD,2012,9.288947118
Netherlands,NLD,2013,9.240679174
Netherlands,NLD,2014,8.785295685
Netherlands,NLD,2015,9.202385169
Netherlands,NLD,2016,9.237382957
New Zealand,NZL,1990,-0.311948205
New Zealand,NZL,1991,-0.223447475
New Zealand,NZL,1992,0.27690551
New Zealand,NZL,1993,0.134680135
New Zealand,NZL,1994,0.231852056
New Zealand,NZL,1995,0.293877551
New Zealand,NZL,1996,0.567662093
New Zealand,NZL,1997,1.194029851
New Zealand,NZL,1998,1.041226216
New Zealand,NZL,1999,1.396018858
New Zealand,NZL,2000,1.598859808
New Zealand,NZL,2001,3.940634596
New Zealand,NZL,2002,3.850618219
New Zealand,NZL,2003,4.261561412
New Zealand,NZL,2004,4.039215686
New Zealand,NZL,2005,4.319226119
New Zealand,NZL,2006,3.932154802
New Zealand,NZL,2007,3.6735176
New Zealand,NZL,2008,3.875642824
New Zealand,NZL,2009,3.122831367
New Zealand,NZL,2010,3.057208238
New Zealand,NZL,2011,3.023308441
New Zealand,NZL,2012,3.312444047
New Zealand,NZL,2013,3.208674486
New Zealand,NZL,2014,3.246497373
New Zealand,NZL,2015,3.19176598
New Zealand,NZL,2016,2.983472848
Nicaragua,NIC,1990,7.371195782
Nicaragua,NIC,1991,7.209465792
Nicaragua,NIC,1992,7.120274914
Nicaragua,NIC,1993,6.963245182
Nicaragua,NIC,1994,6.887475324
Nicaragua,NIC,1995,6.771281169
Nicaragua,NIC,1996,6.691269507
Nicaragua,NIC,1997,6.613504557
Nicaragua,NIC,1998,6.605579312
Nicaragua,NIC,1999,6.495692246
Nicaragua,NIC,2000,6.429275991
Nicaragua,NIC,2001,6.377065112
Nicaragua,NIC,2002,6.307721786
Nicaragua,NIC,2003,6.284958428
Nicaragua,NIC,2004,6.190121156
Nicaragua,NIC,2005,6.087516088
Nicaragua,NIC,2006,6.033732318
Nicaragua,NIC,2007,5.98568873
Nicaragua,NIC,2008,5.869066525
Nicaragua,NIC,2009,5.788374521
Nicaragua,NIC,2010,5.731456044
Nicaragua,NIC,2011,0.823310181
Nicaragua,NIC,2012,0.788901889
Nicaragua,NIC,2013,0.763774332
Nicaragua,NIC,2014,0.804167345
Nicaragua,NIC,2015,0.874176442
Nicaragua,NIC,2016,0.902601523
Niger,NER,1990,0.959262489
Niger,NER,1991,0.926529135
Niger,NER,1992,0.894128633
Niger,NER,1993,0.873589165
Niger,NER,1994,0.844240838
Niger,NER,1995,0.819810327
Niger,NER,1996,0.800854788
Niger,NER,1997,0.773236392
Niger,NER,1998,0.750995638
Niger,NER,1999,0.723696249
Niger,NER,2000,0.668902224
Niger,NER,2001,0.177006212
Niger,NER,2002,0.179655455
Niger,NER,2003,0.173149905
Niger,NER,2004,0.174462898
Niger,NER,2005,0.160745743
Niger,NER,2006,0.154835973
Niger,NER,2007,0.15526047
Niger,NER,2008,0.150154088
Niger,NER,2009,0.162847945
Niger,NER,2010,0.174927114
Niger,NER,2011,0.168857727
Niger,NER,2012,0.19050295
Niger,NER,2013,0.177258971
Niger,NER,2014,0.180873181
Niger,NER,2015,0.174482552
Niger,NER,2016,0.163067007
Nigeria,NGA,1990,2.642419023
Nigeria,NGA,1991,2.654707786
Nigeria,NGA,1992,2.696431781
Nigeria,NGA,1993,2.610977498
Nigeria,NGA,1994,2.509449731
Nigeria,NGA,1995,2.457294253
Nigeria,NGA,1996,2.447478517
Nigeria,NGA,1997,2.355585327
Nigeria,NGA,1998,2.237964237
Nigeria,NGA,1999,2.165939963
Nigeria,NGA,2000,2.124562494
Nigeria,NGA,2001,1.836770499
Nigeria,NGA,2002,1.799045071
Nigeria,NGA,2003,1.773451301
Nigeria,NGA,2004,1.727904227
Nigeria,NGA,2005,1.754797926
Nigeria,NGA,2006,1.840772285
Nigeria,NGA,2007,1.77832445
Nigeria,NGA,2008,1.740999534
Nigeria,NGA,2009,1.583282117
Nigeria,NGA,2010,1.633218216
Nigeria,NGA,2011,1.711249739
Nigeria,NGA,2012,1.641880374
Nigeria,NGA,2013,1.709069315
Nigeria,NGA,2014,1.691051918
Nigeria,NGA,2015,1.621424739
Nigeria,NGA,2016,1.59711766
Niue,NIU,1990,15
Niue,NIU,1991,15
Niue,NIU,1992,15
Niue,NIU,1993,15
Niue,NIU,1994,15
Niue,NIU,1995,15
Niue,NIU,1996,15
Niue,NIU,1997,15
Niue,NIU,1998,15
Niue,NIU,1999,15
Niue,NIU,2000,15
Niue,NIU,2001,20
Niue,NIU,2002,20
Niue,NIU,2003,20
Niue,NIU,2004,20
Niue,NIU,2005,20
Niue,NIU,2006,-5
Niue,NIU,2007,-5
Niue,NIU,2008,0
Niue,NIU,2009,-5
Niue,NIU,2010,-5
Niue,NIU,2011,30
Niue,NIU,2012,30
Niue,NIU,2013,30
Niue,NIU,2014,30
Niue,NIU,2015,30
Niue,NIU,2016,30
North Korea,PRK,1990,6.677672104
North Korea,PRK,1991,6.284147702
North Korea,PRK,1992,5.583894541
North Korea,PRK,1993,5.120850183
North Korea,PRK,1994,4.680229864
North Korea,PRK,1995,4.371969628
North Korea,PRK,1996,3.89589834
North Korea,PRK,1997,3.568390419
North Korea,PRK,1998,3.241780184
North Korea,PRK,1999,3.465751617
North Korea,PRK,2000,3.664355183
North Korea,PRK,2001,3.725413911
North Korea,PRK,2002,3.557564591
North Korea,PRK,2003,3.589329709
North Korea,PRK,2004,3.637551089
North Korea,PRK,2005,3.737868139
North Korea,PRK,2006,3.862814384
North Korea,PRK,2007,3.293368613
North Korea,PRK,2008,3.577128754
North Korea,PRK,2009,2.83977403
North Korea,PRK,2010,2.673428653
North Korea,PRK,2011,2.073521663
North Korea,PRK,2012,2.119269384
North Korea,PRK,2013,1.677496992
North Korea,PRK,2014,1.815388299
North Korea,PRK,2015,1.55932338
North Korea,PRK,2016,1.666271535
North Macedonia,MKD,1990,3.942885772
North Macedonia,MKD,1991,3.848469644
North Macedonia,MKD,1992,3.931623932
North Macedonia,MKD,1993,4.092741935
North Macedonia,MKD,1994,3.990918264
North Macedonia,MKD,1995,3.948562784
North Macedonia,MKD,1996,4.731020613
North Macedonia,MKD,1997,4.16
North Macedonia,MKD,1998,4.572564612
North Macedonia,MKD,1999,4.165019763
North Macedonia,MKD,2000,3.960687961
North Macedonia,MKD,2001,5.022026432
North Macedonia,MKD,2002,4.709614446
North Macedonia,MKD,2003,5.08037019
North Macedonia,MKD,2004,4.919786096
North Macedonia,MKD,2005,5.140776699
North Macedonia,MKD,2006,4.53708192
North Macedonia,MKD,2007,4.731234867
North Macedonia,MKD,2008,4.625060474
North Macedonia,MKD,2009,4.325761237
North Macedonia,MKD,2010,4.205697731
North Macedonia,MKD,2011,4.628378378
North Macedonia,MKD,2012,4.406943105
North Macedonia,MKD,2013,3.988439306
North Macedonia,MKD,2014,3.724735322
North Macedonia,MKD,2015,3.583453583
North Macedonia,MKD,2016,3.48390197
Norway,NOR,1990,3.263480104
Norway,NOR,1991,2.796907941
Norway,NOR,1992,3.522012579
Norway,NOR,1993,3.852212184
Norway,NOR,1994,4.212344542
Norway,NOR,1995,4.05999542
Norway,NOR,1996,4.263601184
Norway,NOR,1997,4.622171946
Norway,NOR,1998,4.99662694
Norway,NOR,1999,5.362092088
Norway,NOR,2000,4.165370082
Norway,NOR,2001,2.757019677
Norway,NOR,2002,2.670479542
Norway,NOR,2003,3.245076586
Norway,NOR,2004,3.294910831
Norway,NOR,2005,3.037564767
Norway,NOR,2006,2.921035737
Norway,NOR,2007,3.0091121
Norway,NOR,2008,2.798155523
Norway,NOR,2009,2.842345142
Norway,NOR,2010,3.381088825
Norway,NOR,2011,3.209377526
Norway,NOR,2012,3.015556442
Norway,NOR,2013,2.817483757
Norway,NOR,2014,2.726565539
Norway,NOR,2015,2.761538462
Norway,NOR,2016,2.624262045
Oman,OMN,1990,6.58388521
Oman,OMN,1991,8.500527983
Oman,OMN,1992,7.539082199
Oman,OMN,1993,6.805019305
Oman,OMN,1994,6.424581006
Oman,OMN,1995,7.082577132
Oman,OMN,1996,7.0540903
Oman,OMN,1997,7.666666667
Oman,OMN,1998,7.682060391
Oman,OMN,1999,9.064301552
Oman,OMN,2000,9.929453263
Oman,OMN,2001,11.01089325
Oman,OMN,2002,11.5503212
Oman,OMN,2003,11.60100587
Oman,OMN,2004,11.24693377
Oman,OMN,2005,11.10314616
Oman,OMN,2006,14.52537776
Oman,OMN,2007,15.41588257
Oman,OMN,2008,14.35478008
Oman,OMN,2009,14.78094576
Oman,OMN,2010,15.22854324
Oman,OMN,2011,16.05967395
Oman,OMN,2012,16.6866781
Oman,OMN,2013,16.13014608
Oman,OMN,2014,15.92500621
Oman,OMN,2015,15.98312632
Oman,OMN,2016,15.11498102
Pakistan,PAK,1990,0.768337545
Pakistan,PAK,1991,0.739219527
Pakistan,PAK,1992,0.777800212
Pakistan,PAK,1993,0.814864161
Pakistan,PAK,1994,0.813539044
Pakistan,PAK,1995,0.842725224
Pakistan,PAK,1996,0.843587307
Pakistan,PAK,1997,0.846730812
Pakistan,PAK,1998,0.829334807
Pakistan,PAK,1999,0.868602395
Pakistan,PAK,2000,0.843168662
Pakistan,PAK,2001,0.825124334
Pakistan,PAK,2002,0.821999331
Pakistan,PAK,2003,0.825641973
Pakistan,PAK,2004,0.888966949
Pakistan,PAK,2005,0.887314103
Pakistan,PAK,2006,0.942306826
Pakistan,PAK,2007,1.002991514
Pakistan,PAK,2008,0.956952896
Pakistan,PAK,2009,0.952622404
Pakistan,PAK,2010,0.908736281
Pakistan,PAK,2011,0.930893422
Pakistan,PAK,2012,0.922522426
Pakistan,PAK,2013,0.91084961
Pakistan,PAK,2014,0.934794334
Pakistan,PAK,2015,0.964162286
Pakistan,PAK,2016,0.95702517
Palau,PLW,1990,0
Palau,PLW,1991,-9.333333333
Palau,PLW,1992,5.625
Palau,PLW,1993,5.625
Palau,PLW,1994,5.294117647
Palau,PLW,1995,5.294117647
Palau,PLW,1996,5
Palau,PLW,1997,5.555555556
Palau,PLW,1998,5.555555556
Palau,PLW,1999,5.263157895
Palau,PLW,2000,5.789473684
Palau,PLW,2001,5.789473684
Palau,PLW,2002,5.5
Palau,PLW,2003,5.5
Palau,PLW,2004,5.5
Palau,PLW,2005,6
Palau,PLW,2006,13
Palau,PLW,2007,13.68421053
Palau,PLW,2008,13.15789474
Palau,PLW,2009,13.88888889
Palau,PLW,2010,13.88888889
Palau,PLW,2011,13.88888889
Palau,PLW,2012,13.88888889
Palau,PLW,2013,14.44444444
Palau,PLW,2014,14.44444444
Palau,PLW,2015,0
Palau,PLW,2016,0
Panama,PAN,1990,4.589235127
Panama,PAN,1991,4.653190646
Panama,PAN,1992,4.74378882
Panama,PAN,1993,4.699619772
Panama,PAN,1994,4.724292101
Panama,PAN,1995,4.737226277
Panama,PAN,1996,4.624463519
Panama,PAN,1997,4.607568325
Panama,PAN,1998,4.900412088
Panama,PAN,1999,4.567485695
Panama,PAN,2000,4.574257426
Panama,PAN,2001,4.922330097
Panama,PAN,2002,4.610987615
Panama,PAN,2003,4.527890309
Panama,PAN,2004,4.499847048
Panama,PAN,2005,4.858858859
Panama,PAN,2006,4.672759434
Panama,PAN,2007,4.516502606
Panama,PAN,2008,4.382821388
Panama,PAN,2009,4.708019
Panama,PAN,2010,4.82294812
Panama,PAN,2011,4.956826767
Panama,PAN,2012,5.033147706
Panama,PAN,2013,4.983050847
Panama,PAN,2014,5.032043066
Panama,PAN,2015,5.030241935
Panama,PAN,2016,4.763438197
Papua New Guinea,PNG,1990,10.79506066
Papua New Guinea,PNG,1991,10.52687262
Papua New Guinea,PNG,1992,10.2853598
Papua New Guinea,PNG,1993,10.03839159
Papua New Guinea,PNG,1994,9.844058429
Papua New Guinea,PNG,1995,9.591285907
Papua New Guinea,PNG,1996,7.566804667
Papua New Guinea,PNG,1997,21.45584726
Papua New Guinea,PNG,1998,7.6209244
Papua New Guinea,PNG,1999,7.374037789
Papua New Guinea,PNG,2000,7.241792066
Papua New Guinea,PNG,2001,6.805020921
Papua New Guinea,PNG,2002,9.370388588
Papua New Guinea,PNG,2003,7.872408806
Papua New Guinea,PNG,2004,12.12779352
Papua New Guinea,PNG,2005,7.224018476
Papua New Guinea,PNG,2006,8.277418384
Papua New Guinea,PNG,2007,6.682332207
Papua New Guinea,PNG,2008,6.962442661
Papua New Guinea,PNG,2009,6.289713086
Papua New Guinea,PNG,2010,6.96484749
Papua New Guinea,PNG,2011,5.938169165
Papua New Guinea,PNG,2012,5.872100642
Papua New Guinea,PNG,2013,6.067026194
Papua New Guinea,PNG,2014,6.774883604
Papua New Guinea,PNG,2015,11.71805624
Papua New Guinea,PNG,2016,5.522243714
Paraguay,PRY,1990,17.21761781
Paraguay,PRY,1991,16.77664975
Paraguay,PRY,1992,16.44769404
Paraguay,PRY,1993,16.12818262
Paraguay,PRY,1994,15.87226747
Paraguay,PRY,1995,15.58300188
Paraguay,PRY,1996,15.20662848
Paraguay,PRY,1997,14.95798319
Paraguay,PRY,1998,14.68089272
Paraguay,PRY,1999,14.37691718
Paraguay,PRY,2000,13.948901
Paraguay,PRY,2001,14.06226971
Paraguay,PRY,2002,13.81778742
Paraguay,PRY,2003,13.59311202
Paraguay,PRY,2004,13.37462921
Paraguay,PRY,2005,13.1146978
Paraguay,PRY,2006,22.27803146
Paraguay,PRY,2007,21.978993
Paraguay,PRY,2008,21.72340076
Paraguay,PRY,2009,21.44873459
Paraguay,PRY,2010,21.25960307
Paraguay,PRY,2011,23.17650774
Paraguay,PRY,2012,22.88227966
Paraguay,PRY,2013,22.56835637
Paraguay,PRY,2014,22.30909091
Paraguay,PRY,2015,22.09747346
Paraguay,PRY,2016,21.9105931
Peru,PER,1990,2.925105342
Peru,PER,1991,2.823461504
Peru,PER,1992,2.81273131
Peru,PER,1993,2.793489405
Peru,PER,1994,2.775145696
Peru,PER,1995,2.850734598
Peru,PER,1996,2.87711077
Peru,PER,1997,2.850739756
Peru,PER,1998,2.750409229
Peru,PER,1999,2.779354245
Peru,PER,2000,2.71957672
Peru,PER,2001,2.602709056
Peru,PER,2002,2.616508616
Peru,PER,2003,2.574894052
Peru,PER,2004,2.706704315
Peru,PER,2005,2.76286514
Peru,PER,2006,3.573766992
Peru,PER,2007,3.712631913
Peru,PER,2008,3.778797003
Peru,PER,2009,3.845726392
Peru,PER,2010,3.976160948
Peru,PER,2011,4.050027337
Peru,PER,2012,4.018368523
Peru,PER,2013,4.020286156
Peru,PER,2014,4.084413426
Peru,PER,2015,4.081257589
Peru,PER,2016,4.097199767
Philippines,PHL,1990,0.617982066
Philippines,PHL,1991,0.593806635
Philippines,PHL,1992,0.631498001
Philippines,PHL,1993,0.673033607
Philippines,PHL,1994,0.717208607
Philippines,PHL,1995,0.848475295
Philippines,PHL,1996,0.908798073
Philippines,PHL,1997,0.994646109
Philippines,PHL,1998,0.967564817
Philippines,PHL,1999,0.914367319
Philippines,PHL,2000,0.904195302
Philippines,PHL,2001,1.041507161
Philippines,PHL,2002,1.034720088
Philippines,PHL,2003,1.035857053
Philippines,PHL,2004,1.033986141
Philippines,PHL,2005,1.035609202
Philippines,PHL,2006,1.140529532
Philippines,PHL,2007,1.163469605
Philippines,PHL,2008,1.168621152
Philippines,PHL,2009,1.158157855
Philippines,PHL,2010,1.202762672
Philippines,PHL,2011,0.252798996
Philippines,PHL,2012,0.284941314
Philippines,PHL,2013,0.37826685
Philippines,PHL,2014,0.438152279
Philippines,PHL,2015,0.52226455
Philippines,PHL,2016,0.619597932
Poland,POL,1990,8.814278188
Poland,POL,1991,8.821783998
Poland,POL,1992,8.578459605
Poland,POL,1993,8.573927574
Poland,POL,1994,8.442001615
Poland,POL,1995,8.432616553
Poland,POL,1996,8.819527395
Poland,POL,1997,8.534440265
Poland,POL,1998,7.850586039
Poland,POL,1999,7.604750052
Poland,POL,2000,7.263013201
Poland,POL,2001,6.934855956
Poland,POL,2002,6.78037881
Poland,POL,2003,7.061547266
Poland,POL,2004,7.167447917
Poland,POL,2005,7.163595611
Poland,POL,2006,5.337122595
Poland,POL,2007,5.317967304
Poland,POL,2008,5.18601559
Poland,POL,2009,4.898049645
Poland,POL,2010,5.33028959
Poland,POL,2011,7.40042312
Poland,POL,2012,7.221335705
Poland,POL,2013,7.102311442
Poland,POL,2014,6.78454228
Poland,POL,2015,6.88147447
Poland,POL,2016,7.167864382
Portugal,PRT,1990,4.295098535
Portugal,PRT,1991,4.456434046
Portugal,PRT,1992,4.839714602
Portugal,PRT,1993,4.723417025
Portugal,PRT,1994,4.849178696
Portugal,PRT,1995,5.161034585
Portugal,PRT,1996,4.954608249
Portugal,PRT,1997,5.147911548
Portugal,PRT,1998,5.586449971
Portugal,PRT,1999,6.206728425
Portugal,PRT,2000,6.129940759
Portugal,PRT,2001,6.480030945
Portugal,PRT,2002,6.855382245
Portugal,PRT,2003,6.349952061
Portugal,PRT,2004,6.465476077
Portugal,PRT,2005,6.768176627
Portugal,PRT,2006,5.716589206
Portugal,PRT,2007,5.546202592
Portugal,PRT,2008,5.349693252
Portugal,PRT,2009,5.298943795
Portugal,PRT,2010,4.7999245
Portugal,PRT,2011,4.876525688
Portugal,PRT,2012,4.738742162
Portugal,PRT,2013,4.596581686
Portugal,PRT,2014,4.561336149
Portugal,PRT,2015,4.972029321
Portugal,PRT,2016,4.970947124
Qatar,QAT,1990,26.28151261
Qatar,QAT,1991,29.93839836
Qatar,QAT,1992,29.73737374
Qatar,QAT,1993,30.97804391
Qatar,QAT,1994,32.13017751
Qatar,QAT,1995,33.11890838
Qatar,QAT,1996,34.1873805
Qatar,QAT,1997,36.39252336
Qatar,QAT,1998,37.66304348
Qatar,QAT,1999,40.35087719
Qatar,QAT,2000,36.77364865
Qatar,QAT,2001,38.24390244
Qatar,QAT,2002,43.1201248
Qatar,QAT,2003,42.46334311
Qatar,QAT,2004,42.41699867
Qatar,QAT,2005,47.71098266
Qatar,QAT,2006,44.00782014
Qatar,QAT,2007,41.91297209
Qatar,QAT,2008,38.42032011
Qatar,QAT,2009,34.51963746
Qatar,QAT,2010,33.55064655
Qatar,QAT,2011,32.1021611
Qatar,QAT,2012,33.1420765
Qatar,QAT,2013,31.8699187
Qatar,QAT,2014,32.55795039
Qatar,QAT,2015,31.59002338
Qatar,QAT,2016,31.10776187
Romania,ROU,1990,7.40261399
Romania,ROU,1991,6.13633457
Romania,ROU,1992,5.473134839
Romania,ROU,1993,5.106849551
Romania,ROU,1994,5.02725385
Romania,ROU,1995,5.307206619
Romania,ROU,1996,5.483644655
Romania,ROU,1997,5.049474335
Romania,ROU,1998,4.466304638
Romania,ROU,1999,3.87702933
Romania,ROU,2000,4.055653431
Romania,ROU,2001,4.258947656
Romania,ROU,2002,4.286368004
Romania,ROU,2003,4.582872928
Romania,ROU,2004,4.461025118
Romania,ROU,2005,4.457673811
Romania,ROU,2006,4.444758406
Romania,ROU,2007,4.422363792
Romania,ROU,2008,4.360537686
Romania,ROU,2009,3.67671286
Romania,ROU,2010,3.558030481
Romania,ROU,2011,-3.895854846
Romania,ROU,2012,-3.994660602
Romania,ROU,2013,-4.586499776
Romania,ROU,2014,-4.640147734
Romania,ROU,2015,-4.588205772
Romania,ROU,2016,-4.715599111
Russia,RUS,1990,16.35245235
Russia,RUS,1991,16.14266602
Russia,RUS,1992,15.17370537
Russia,RUS,1993,13.92562039
Russia,RUS,1994,12.51973455
Russia,RUS,1995,12.20600769
Russia,RUS,1996,11.8651414
Russia,RUS,1997,10.87538076
Russia,RUS,1998,11.18925692
Russia,RUS,1999,11.22675542
Russia,RUS,2000,11.53300838
Russia,RUS,2001,10.70595357
Russia,RUS,2002,10.7879297
Russia,RUS,2003,11.4521019
Russia,RUS,2004,10.96862243
Russia,RUS,2005,11.1987026
Russia,RUS,2006,10.30543237
Russia,RUS,2007,10.16640375
Russia,RUS,2008,11.37362279
Russia,RUS,2009,9.705916696
Russia,RUS,2010,10.32241595
Russia,RUS,2011,10.70172449
Russia,RUS,2012,10.71169632
Russia,RUS,2013,10.11148506
Russia,RUS,2014,9.867625749
Russia,RUS,2015,9.39621392
Russia,RUS,2016,9.546032859
Rwanda,RWA,1990,1.356839073
Rwanda,RWA,1991,1.389045737
Rwanda,RWA,1992,1.468218442
Rwanda,RWA,1993,1.57247765
Rwanda,RWA,1994,1.655997305
Rwanda,RWA,1995,1.682659356
Rwanda,RWA,1996,1.558290371
Rwanda,RWA,1997,1.475077882
Rwanda,RWA,1998,1.357173632
Rwanda,RWA,1999,1.253166245
Rwanda,RWA,2000,1.172170406
Rwanda,RWA,2001,-1.145668813
Rwanda,RWA,2002,-1.127328824
Rwanda,RWA,2003,-0.946593432
Rwanda,RWA,2004,-1.042506624
Rwanda,RWA,2005,-0.969457014
Rwanda,RWA,2006,-0.009952449
Rwanda,RWA,2007,-0.09273237
Rwanda,RWA,2008,0.013648294
Rwanda,RWA,2009,-0.055197792
Rwanda,RWA,2010,-0.03087957
Rwanda,RWA,2011,0.082580394
Rwanda,RWA,2012,0.066350711
Rwanda,RWA,2013,0.136884943
Rwanda,RWA,2014,0.058643089
Rwanda,RWA,2015,0.197027003
Rwanda,RWA,2016,0.179107036
Saint Kitts and Nevis,KNA,1990,2
Saint Kitts and Nevis,KNA,1991,2
Saint Kitts and Nevis,KNA,1992,1.951219512
Saint Kitts and Nevis,KNA,1993,1.951219512
Saint Kitts and Nevis,KNA,1994,2.142857143
Saint Kitts and Nevis,KNA,1995,2.380952381
Saint Kitts and Nevis,KNA,1996,2.380952381
Saint Kitts and Nevis,KNA,1997,2.558139535
Saint Kitts and Nevis,KNA,1998,2.790697674
Saint Kitts and Nevis,KNA,1999,2.954545455
Saint Kitts and Nevis,KNA,2000,3.181818182
Saint Kitts and Nevis,KNA,2001,3.555555556
Saint Kitts and Nevis,KNA,2002,4
Saint Kitts and Nevis,KNA,2003,3.913043478
Saint Kitts and Nevis,KNA,2004,4.130434783
Saint Kitts and Nevis,KNA,2005,3.829787234
Saint Kitts and Nevis,KNA,2006,6.595744681
Saint Kitts and Nevis,KNA,2007,6.666666667
Saint Kitts and Nevis,KNA,2008,6.666666667
Saint Kitts and Nevis,KNA,2009,6.734693878
Saint Kitts and Nevis,KNA,2010,6.530612245
Saint Kitts and Nevis,KNA,2011,4.897959184
Saint Kitts and Nevis,KNA,2012,4.6
Saint Kitts and Nevis,KNA,2013,4.6
Saint Kitts and Nevis,KNA,2014,4.705882353
Saint Kitts and Nevis,KNA,2015,5.098039216
Saint Kitts and Nevis,KNA,2016,5
Saint Lucia,LCA,1990,0.869565217
Saint Lucia,LCA,1991,0.928571429
Saint Lucia,LCA,1992,1.126760563
Saint Lucia,LCA,1993,1.258741259
Saint Lucia,LCA,1994,1.517241379
Saint Lucia,LCA,1995,1.836734694
Saint Lucia,LCA,1996,1.946308725
Saint Lucia,LCA,1997,1.78807947
Saint Lucia,LCA,1998,1.764705882
Saint Lucia,LCA,1999,1.806451613
Saint Lucia,LCA,2000,1.847133758
Saint Lucia,LCA,2001,2.215189873
Saint Lucia,LCA,2002,1.949685535
Saint Lucia,LCA,2003,2.111801242
Saint Lucia,LCA,2004,2.098765432
Saint Lucia,LCA,2005,2.147239264
Saint Lucia,LCA,2006,3.575757576
Saint Lucia,LCA,2007,3.571428571
Saint Lucia,LCA,2008,3.588235294
Saint Lucia,LCA,2009,3.488372093
Saint Lucia,LCA,2010,3.563218391
Saint Lucia,LCA,2011,2.5
Saint Lucia,LCA,2012,2.485875706
Saint Lucia,LCA,2013,2.471910112
Saint Lucia,LCA,2014,2.471910112
Saint Lucia,LCA,2015,2.625698324
Saint Lucia,LCA,2016,2.611111111
Saint Vincent and the Grenadines,VCT,1990,-0.280373832
Saint Vincent and the Grenadines,VCT,1991,-0.277777778
Saint Vincent and the Grenadines,VCT,1992,-0.185185185
Saint Vincent and the Grenadines,VCT,1993,0
Saint Vincent and the Grenadines,VCT,1994,0.092592593
Saint Vincent and the Grenadines,VCT,1995,0.185185185
Saint Vincent and the Grenadines,VCT,1996,0.185185185
Saint Vincent and the Grenadines,VCT,1997,0.185185185
Saint Vincent and the Grenadines,VCT,1998,0.462962963
Saint Vincent and the Grenadines,VCT,1999,0.555555556
Saint Vincent and the Grenadines,VCT,2000,0.37037037
Saint Vincent and the Grenadines,VCT,2001,1.203703704
Saint Vincent and the Grenadines,VCT,2002,1.296296296
Saint Vincent and the Grenadines,VCT,2003,1.388888889
Saint Vincent and the Grenadines,VCT,2004,1.559633028
Saint Vincent and the Grenadines,VCT,2005,1.559633028
Saint Vincent and the Grenadines,VCT,2006,3.669724771
Saint Vincent and the Grenadines,VCT,2007,3.76146789
Saint Vincent and the Grenadines,VCT,2008,3.796296296
Saint Vincent and the Grenadines,VCT,2009,4.537037037
Saint Vincent and the Grenadines,VCT,2010,3.703703704
Saint Vincent and the Grenadines,VCT,2011,2.037037037
Saint Vincent and the Grenadines,VCT,2012,2.5
Saint Vincent and the Grenadines,VCT,2013,2.110091743
Saint Vincent and the Grenadines,VCT,2014,2.110091743
Saint Vincent and the Grenadines,VCT,2015,2.201834862
Saint Vincent and the Grenadines,VCT,2016,2.293577982
Samoa,WSM,1990,-12.02453988
Samoa,WSM,1991,-11.8902439
Samoa,WSM,1992,-11.81818182
Samoa,WSM,1993,-11.67664671
Samoa,WSM,1994,-11.53846154
Samoa,WSM,1995,-11.41176471
Samoa,WSM,1996,-11.28654971
Samoa,WSM,1997,-11.22093023
Samoa,WSM,1998,-11.15606936
Samoa,WSM,1999,-11.03448276
Samoa,WSM,2000,-11.03448276
Samoa,WSM,2001,0.228571429
Samoa,WSM,2002,0.227272727
Samoa,WSM,2003,0.225988701
Samoa,WSM,2004,0.223463687
Samoa,WSM,2005,0.277777778
Samoa,WSM,2006,-2.099447514
Samoa,WSM,2007,-2.032967033
Samoa,WSM,2008,-1.967213115
Samoa,WSM,2009,-1.891891892
Samoa,WSM,2010,-1.88172043
Samoa,WSM,2011,1.069518717
Samoa,WSM,2012,1.058201058
Samoa,WSM,2013,1.047120419
Samoa,WSM,2014,1.041666667
Samoa,WSM,2015,1.75257732
Samoa,WSM,2016,1.743589744
Sao Tome and Principe,STP,1990,0.420168067
Sao Tome and Principe,STP,1991,0.409836066
Sao Tome and Principe,STP,1992,0.4
Sao Tome and Principe,STP,1993,0.393700787
Sao Tome and Principe,STP,1994,0.387596899
Sao Tome and Principe,STP,1995,0.378787879
Sao Tome and Principe,STP,1996,0.373134328
Sao Tome and Principe,STP,1997,0.367647059
Sao Tome and Principe,STP,1998,0.362318841
Sao Tome and Principe,STP,1999,0.357142857
Sao Tome and Principe,STP,2000,0.352112676
Sao Tome and Principe,STP,2001,0.344827586
Sao Tome and Principe,STP,2002,0.408163265
Sao Tome and Principe,STP,2003,0.466666667
Sao Tome and Principe,STP,2004,0.454545455
Sao Tome and Principe,STP,2005,0.50955414
Sao Tome and Principe,STP,2006,2.345679012
Sao Tome and Principe,STP,2007,2.289156627
Sao Tome and Principe,STP,2008,2.222222222
Sao Tome and Principe,STP,2009,2.159090909
Sao Tome and Principe,STP,2010,2.166666667
Sao Tome and Principe,STP,2011,0.540540541
Sao Tome and Principe,STP,2012,0.585106383
Sao Tome and Principe,STP,2013,0.572916667
Sao Tome and Principe,STP,2014,0.56122449
Sao Tome and Principe,STP,2015,0.753768844
Sao Tome and Principe,STP,2016,0.738916256
Saudi Arabia,SAU,1990,10.24886042
Saudi Arabia,SAU,1991,11.12502236
Saudi Arabia,SAU,1992,11.53677024
Saudi Arabia,SAU,1993,11.60783651
Saudi Arabia,SAU,1994,12.0116394
Saudi Arabia,SAU,1995,11.93411664
Saudi Arabia,SAU,1996,12.29694231
Saudi Arabia,SAU,1997,11.07383934
Saudi Arabia,SAU,1998,11.64686852
Saudi Arabia,SAU,1999,11.61079475
Saudi Arabia,SAU,2000,11.82346109
Saudi Arabia,SAU,2001,11.72522756
Saudi Arabia,SAU,2002,12.23985324
Saudi Arabia,SAU,2003,12.38233068
Saudi Arabia,SAU,2004,12.7177625
Saudi Arabia,SAU,2005,13.01058112
Saudi Arabia,SAU,2006,13.43374969
Saudi Arabia,SAU,2007,13.80821918
Saudi Arabia,SAU,2008,14.7811812
Saudi Arabia,SAU,2009,15.00863688
Saudi Arabia,SAU,2010,16.05302505
Saudi Arabia,SAU,2011,16.16421395
Saudi Arabia,SAU,2012,16.76453439
Saudi Arabia,SAU,2013,16.61520032
Saudi Arabia,SAU,2014,17.35517676
Saudi Arabia,SAU,2015,17.6962608
Saudi Arabia,SAU,2016,17.14083161
Senegal,SEN,1990,1.230401276
Senegal,SEN,1991,1.195203713
Senegal,SEN,1992,1.190237797
Senegal,SEN,1993,1.155949921
Senegal,SEN,1994,1.128708191
Senegal,SEN,1995,1.121979287
Senegal,SEN,1996,1.110737126
Senegal,SEN,1997,1.118168875
Senegal,SEN,1998,1.130723149
Senegal,SEN,1999,1.146410283
Senegal,SEN,2000,1.123698714
Senegal,SEN,2001,1.098047031
Senegal,SEN,2002,1.085180863
Senegal,SEN,2003,1.051133669
Senegal,SEN,2004,1.105457909
Senegal,SEN,2005,1.103697024
Senegal,SEN,2006,1.001581444
Senegal,SEN,2007,1.034482759
Senegal,SEN,2008,1.020408163
Senegal,SEN,2009,1.017430077
Senegal,SEN,2010,1.019876952
Senegal,SEN,2011,0.919901795
Senegal,SEN,2012,0.887181018
Senegal,SEN,2013,0.901175446
Senegal,SEN,2014,0.917107584
Senegal,SEN,2015,0.939086294
Senegal,SEN,2016,0.95971722
Serbia,SRB,1990,6.011767178
Serbia,SRB,1991,4.948453608
Serbia,SRB,1992,4.559323781
Serbia,SRB,1993,3.931597754
Serbia,SRB,1994,3.543905901
Serbia,SRB,1995,4.108660461
Serbia,SRB,1996,4.876217532
Serbia,SRB,1997,5.372508942
Serbia,SRB,1998,5.431078988
Serbia,SRB,1999,3.766830185
Serbia,SRB,2000,4.13891231
Serbia,SRB,2001,4.383168632
Serbia,SRB,2002,4.79456452
Serbia,SRB,2003,5.181876883
Serbia,SRB,2004,5.689711133
Serbia,SRB,2005,4.978246683
Serbia,SRB,2006,-1.292368248
Serbia,SRB,2007,-1.470168113
Serbia,SRB,2008,-1.664459161
Serbia,SRB,2009,-2.007092985
Serbia,SRB,2010,-1.998665332
Serbia,SRB,2011,5.546630968
Serbia,SRB,2012,4.939597315
Serbia,SRB,2013,5.028590649
Serbia,SRB,2014,4.208810969
Serbia,SRB,2015,4.941984905
Serbia,SRB,2016,5.067765981
Seychelles,SYC,1990,2.112676056
Seychelles,SYC,1991,2.394366197
Seychelles,SYC,1992,2.328767123
Seychelles,SYC,1993,2.432432432
Seychelles,SYC,1994,2.666666667
Seychelles,SYC,1995,2.597402597
Seychelles,SYC,1996,2.948717949
Seychelles,SYC,1997,4.358974359
Seychelles,SYC,1998,5.443037975
Seychelles,SYC,1999,6.375
Seychelles,SYC,2000,7.037037037
Seychelles,SYC,2001,7.682926829
Seychelles,SYC,2002,6.428571429
Seychelles,SYC,2003,6.395348837
Seychelles,SYC,2004,8.505747126
Seychelles,SYC,2005,7.752808989
Seychelles,SYC,2006,8.111111111
Seychelles,SYC,2007,7.111111111
Seychelles,SYC,2008,7.666666667
Seychelles,SYC,2009,5.714285714
Seychelles,SYC,2010,4.835164835
Seychelles,SYC,2011,3.695652174
Seychelles,SYC,2012,4.731182796
Seychelles,SYC,2013,4.301075269
Seychelles,SYC,2014,5.212765957
Seychelles,SYC,2015,12
Seychelles,SYC,2016,11.97916667
Sierra Leone,SLE,1990,1.430555556
Sierra Leone,SLE,1991,1.434812601
Sierra Leone,SLE,1992,1.412143514
Sierra Leone,SLE,1993,1.418341418
Sierra Leone,SLE,1994,1.429234339
Sierra Leone,SLE,1995,1.403345725
Sierra Leone,SLE,1996,1.412010202
Sierra Leone,SLE,1997,1.397923875
Sierra Leone,SLE,1998,1.383245834
Sierra Leone,SLE,1999,1.35365307
Sierra Leone,SLE,2000,1.32606325
Sierra Leone,SLE,2001,1.306268406
Sierra Leone,SLE,2002,1.25453081
Sierra Leone,SLE,2003,1.205537397
Sierra Leone,SLE,2004,1.150165624
Sierra Leone,SLE,2005,1.091037903
Sierra Leone,SLE,2006,1.082518442
Sierra Leone,SLE,2007,1.03672788
Sierra Leone,SLE,2008,1.015650473
Sierra Leone,SLE,2009,0.993145226
Sierra Leone,SLE,2010,0.977244389
Sierra Leone,SLE,2011,0.979734877
Sierra Leone,SLE,2012,0.974229108
Sierra Leone,SLE,2013,0.979020979
Sierra Leone,SLE,2014,0.971925324
Sierra Leone,SLE,2015,0.928611266
Sierra Leone,SLE,2016,0.910083231
Singapore,SGP,1990,9.870560903
Singapore,SGP,1991,10.09351822
Singapore,SGP,1992,10.046875
Singapore,SGP,1993,11.30973987
Singapore,SGP,1994,11.48711944
Singapore,SGP,1995,11.0266591
Singapore,SGP,1996,10.94557449
Singapore,SGP,1997,10.53304904
Singapore,SGP,1998,9.84977985
Singapore,SGP,1999,9.721871049
Singapore,SGP,2000,10.55845123
Singapore,SGP,2001,10.39735099
Singapore,SGP,2002,10.09259259
Singapore,SGP,2003,9.275853718
Singapore,SGP,2004,9.49006464
Singapore,SGP,2005,8.893577121
Singapore,SGP,2006,8.716492503
Singapore,SGP,2007,8.619785979
Singapore,SGP,2008,8.264237856
Singapore,SGP,2009,8.12764244
Singapore,SGP,2010,8.647437147
Singapore,SGP,2011,8.898176292
Singapore,SGP,2012,8.57515366
Singapore,SGP,2013,8.533186652
Singapore,SGP,2014,8.295331162
Singapore,SGP,2015,7.91130186
Singapore,SGP,2016,8.019101521
Slovakia,SVK,1990,8.485249622
Slovakia,SVK,1991,7.153889621
Slovakia,SVK,1992,6.791142804
Slovakia,SVK,1993,6.437254535
Slovakia,SVK,1994,5.931381689
Slovakia,SVK,1995,6.037209302
Slovakia,SVK,1996,5.99814299
Slovakia,SVK,1997,6.011871638
Slovakia,SVK,1998,5.84244671
Slovakia,SVK,1999,5.690996665
Slovakia,SVK,2000,5.221337285
Slovakia,SVK,2001,5.446296296
Slovakia,SVK,2002,5.346296296
Slovakia,SVK,2003,5.394444444
Slovakia,SVK,2004,5.226893869
Slovakia,SVK,2005,5.436191887
Slovakia,SVK,2006,5.830709391
Slovakia,SVK,2007,5.702907946
Slovakia,SVK,2008,5.667716244
Slovakia,SVK,2009,5.074986114
Slovakia,SVK,2010,5.37749815
Slovakia,SVK,2011,5.376224811
Slovakia,SVK,2012,5.045244691
Slovakia,SVK,2013,5.138325341
Slovakia,SVK,2014,4.674894087
Slovakia,SVK,2015,4.713024283
Slovakia,SVK,2016,4.860345461
Slovenia,SVN,1990,3.364905284
Slovenia,SVN,1991,2.96314741
Slovenia,SVN,1992,3.007481297
Slovenia,SVN,1993,3.418290855
Slovenia,SVN,1994,3.423558897
Slovenia,SVN,1995,3.892516323
Slovenia,SVN,1996,4.31372549
Slovenia,SVN,1997,4.524408656
Slovenia,SVN,1998,4.383492703
Slovenia,SVN,1999,4.079476861
Slovenia,SVN,2000,3.943661972
Slovenia,SVN,2001,2.58178158
Slovenia,SVN,2002,2.652239557
Slovenia,SVN,2003,2.605633803
Slovenia,SVN,2004,2.713567839
Slovenia,SVN,2005,2.812030075
Slovenia,SVN,2006,4.260739261
Slovenia,SVN,2007,4.254473161
Slovenia,SVN,2008,4.750370737
Slovenia,SVN,2009,3.810226155
Slovenia,SVN,2010,3.906020558
Slovenia,SVN,2011,4.656265236
Slovenia,SVN,2012,4.402332362
Slovenia,SVN,2013,4.086282113
Slovenia,SVN,2014,3.415578133
Slovenia,SVN,2015,3.384838242
Slovenia,SVN,2016,3.756027001
Solomon Islands,SLB,1990,5.865384615
Solomon Islands,SLB,1991,5.700934579
Solomon Islands,SLB,1992,5.545454545
Solomon Islands,SLB,1993,5.382352941
Solomon Islands,SLB,1994,5.243553009
Solomon Islands,SLB,1995,5.097493036
Solomon Islands,SLB,1996,4.945945946
Solomon Islands,SLB,1997,4.815789474
Solomon Islands,SLB,1998,4.680306905
Solomon Islands,SLB,1999,4.577114428
Solomon Islands,SLB,2000,4.455205811
Solomon Islands,SLB,2001,4.363207547
Solomon Islands,SLB,2002,4.252873563
Solomon Islands,SLB,2003,4.138702461
Solomon Islands,SLB,2004,4.030501089
Solomon Islands,SLB,2005,3.936170213
Solomon Islands,SLB,2006,3.700623701
Solomon Islands,SLB,2007,3.638211382
Solomon Islands,SLB,2008,3.578528827
Solomon Islands,SLB,2009,3.514563107
Solomon Islands,SLB,2010,3.428030303
Solomon Islands,SLB,2011,4.022140221
Solomon Islands,SLB,2012,3.920863309
Solomon Islands,SLB,2013,3.817863398
Solomon Islands,SLB,2014,3.713798978
Solomon Islands,SLB,2015,3.665008292
Solomon Islands,SLB,2016,3.570274637
Somalia,SOM,1990,2.283737024
Somalia,SOM,1991,2.26422876
Somalia,SOM,1992,2.254969157
Somalia,SOM,1993,2.243028978
Somalia,SOM,1994,2.222975722
Somalia,SOM,1995,2.182327816
Somalia,SOM,1996,2.125471821
Somalia,SOM,1997,2.055191532
Somalia,SOM,1998,1.976927747
Somalia,SOM,1999,1.900865092
Somalia,SOM,2000,1.83160505
Somalia,SOM,2001,1.970175248
Somalia,SOM,2002,1.914535312
Somalia,SOM,2003,1.853285787
Somalia,SOM,2004,1.795656466
Somalia,SOM,2005,1.741169714
Somalia,SOM,2006,1.485507246
Somalia,SOM,2007,1.444945848
Somalia,SOM,2008,1.403878214
Somalia,SOM,2009,1.36542072
Somalia,SOM,2010,1.329292594
Somalia,SOM,2011,1.115061409
Somalia,SOM,2012,1.086118757
Somalia,SOM,2013,1.057103491
Somalia,SOM,2014,1.02875447
Somalia,SOM,2015,1.01833732
Somalia,SOM,2016,0.990413083
South Africa,ZAF,1990,6.773185511
South Africa,ZAF,1991,6.468093004
South Africa,ZAF,1992,6.218291832
South Africa,ZAF,1993,6.257253873
South Africa,ZAF,1994,6.252341978
South Africa,ZAF,1995,6.41253982
South Africa,ZAF,1996,6.497478753
South Africa,ZAF,1997,6.728313211
South Africa,ZAF,1998,6.803259924
South Africa,ZAF,1999,6.292203252
South Africa,ZAF,2000,6.342065469
South Africa,ZAF,2001,7.053169779
South Africa,ZAF,2002,7.203094191
South Africa,ZAF,2003,7.580213618
South Africa,ZAF,2004,8.064577518
South Africa,ZAF,2005,7.919842944
South Africa,ZAF,2006,7.847965518
South Africa,ZAF,2007,8.103827362
South Africa,ZAF,2008,8.632957673
South Africa,ZAF,2009,8.072389405
South Africa,ZAF,2010,8.071733995
South Africa,ZAF,2011,7.68229367
South Africa,ZAF,2012,7.924403309
South Africa,ZAF,2013,7.969899603
South Africa,ZAF,2014,8.101899384
South Africa,ZAF,2015,7.540172607
South Africa,ZAF,2016,7.475448335
South Korea,KOR,1990,5.004194044
South Korea,KOR,1991,5.522790676
South Korea,KOR,1992,5.968801314
South Korea,KOR,1993,6.58982745
South Korea,KOR,1994,7.111111111
South Korea,KOR,1995,7.723710066
South Korea,KOR,1996,8.184083408
South Korea,KOR,1997,8.571954282
South Korea,KOR,1998,7.104309217
South Korea,KOR,1999,7.795265542
South Korea,KOR,2000,8.890436691
South Korea,KOR,2001,8.956735002
South Korea,KOR,2002,8.722291667
South Korea,KOR,2003,8.730859286
South Korea,KOR,2004,9.107293836
South Korea,KOR,2005,8.969836348
South Korea,KOR,2006,8.971563011
South Korea,KOR,2007,9.240134598
South Korea,KOR,2008,9.44959538
South Korea,KOR,2009,9.666241109
South Korea,KOR,2010,10.61316756
South Korea,KOR,2011,11.20314948
South Korea,KOR,2012,11.17416752
South Korea,KOR,2013,11.08509117
South Korea,KOR,2014,10.79710718
South Korea,KOR,2015,11.15361155
South Korea,KOR,2016,11.28160367
Spain,ESP,1990,4.292783716
Spain,ESP,1991,4.466016947
Spain,ESP,1992,4.713151151
Spain,ESP,1993,4.336520463
Spain,ESP,1994,4.583963691
Spain,ESP,1995,4.872697112
Spain,ESP,1996,4.595955799
Spain,ESP,1997,5.044835769
Spain,ESP,1998,5.213422218
Spain,ESP,1999,5.7255154
Spain,ESP,2000,6.042375995
Spain,ESP,2001,6.004501561
Spain,ESP,2002,6.345896947
Spain,ESP,2003,6.386515166
Spain,ESP,2004,6.67174656
Spain,ESP,2005,6.902701106
Spain,ESP,2006,6.90223345
Spain,ESP,2007,7.079398622
Spain,ESP,2008,6.318348564
Spain,ESP,2009,5.460887858
Spain,ESP,2010,5.118152181
Spain,ESP,2011,5.130405233
Spain,ESP,2012,5.017317213
Spain,ESP,2013,4.468474995
Spain,ESP,2014,4.44482449
Spain,ESP,2015,4.782310593
Spain,ESP,2016,4.608011322
Sri Lanka,LKA,1990,0.431143946
Sri Lanka,LKA,1991,0.431683394
Sri Lanka,LKA,1992,0.498393189
Sri Lanka,LKA,1993,0.484239888
Sri Lanka,LKA,1994,0.518403891
Sri Lanka,LKA,1995,0.519103218
Sri Lanka,LKA,1996,0.652256765
Sri Lanka,LKA,1997,0.649667046
Sri Lanka,LKA,1998,0.66038244
Sri Lanka,LKA,1999,0.701923592
Sri Lanka,LKA,2000,0.773245287
Sri Lanka,LKA,2001,0.830160745
Sri Lanka,LKA,2002,0.85300598
Sri Lanka,LKA,2003,0.895235123
Sri Lanka,LKA,2004,0.912982927
Sri Lanka,LKA,2005,0.963929394
Sri Lanka,LKA,2006,0.74735987
Sri Lanka,LKA,2007,0.797298659
Sri Lanka,LKA,2008,0.753102482
Sri Lanka,LKA,2009,0.72450805
Sri Lanka,LKA,2010,0.756095153
Sri Lanka,LKA,2011,0.896656535
Sri Lanka,LKA,2012,0.95943116
Sri Lanka,LKA,2013,0.83530949
Sri Lanka,LKA,2014,0.982731252
Sri Lanka,LKA,2015,1.108666539
Sri Lanka,LKA,2016,1.169306884
Sudan,SDN,1990,3.057375422
Sudan,SDN,1991,2.919917668
Sudan,SDN,1992,2.799133481
Sudan,SDN,1993,2.638050426
Sudan,SDN,1994,2.609049619
Sudan,SDN,1995,2.51877983
Sudan,SDN,1996,2.020418045
Sudan,SDN,1997,2.039820571
Sudan,SDN,1998,2.062192497
Sudan,SDN,1999,1.964547264
Sudan,SDN,2000,1.963336389
Sudan,SDN,2001,3.18150942
Sudan,SDN,2002,3.791325553
Sudan,SDN,2003,2.874308408
Sudan,SDN,2004,3.412325412
Sudan,SDN,2005,3.064297254
Sudan,SDN,2006,2.115469648
Sudan,SDN,2007,2.059886901
Sudan,SDN,2008,2.130909531
Sudan,SDN,2009,2.975964954
Sudan,SDN,2010,2.189028803
Sudan,SDN,2011,2.576237624
Sudan,SDN,2012,1.691993148
Sudan,SDN,2013,1.644862838
Sudan,SDN,2014,1.607509611
Sudan,SDN,2015,1.625581575
Sudan,SDN,2016,1.669887319
Suriname,SUR,1990,13.25925926
Suriname,SUR,1991,13.68038741
Suriname,SUR,1992,13.44418052
Suriname,SUR,1993,13.17757009
Suriname,SUR,1994,12.96551724
Suriname,SUR,1995,12.80542986
Suriname,SUR,1996,10.89285714
Suriname,SUR,1997,11.07929515
Suriname,SUR,1998,11.67391304
Suriname,SUR,1999,10.27956989
Suriname,SUR,2000,8.598726115
Suriname,SUR,2001,8.595387841
Suriname,SUR,2002,10.12448133
Suriname,SUR,2003,15.0204918
Suriname,SUR,2004,13.05668016
Suriname,SUR,2005,9.579158317
Suriname,SUR,2006,9.623762376
Suriname,SUR,2007,8.31702544
Suriname,SUR,2008,9.767891683
Suriname,SUR,2009,10.63097514
Suriname,SUR,2010,9.527410208
Suriname,SUR,2011,9.794392523
Suriname,SUR,2012,10.11090573
Suriname,SUR,2013,10.511883
Suriname,SUR,2014,10.37974684
Suriname,SUR,2015,12.14669052
Suriname,SUR,2016,9.362831858
Sweden,SWE,1990,3.844986576
Sweden,SWE,1991,3.92
Sweden,SWE,1992,4.185564637
Sweden,SWE,1993,4.122556305
Sweden,SWE,1994,4.328256422
Sweden,SWE,1995,4.274558624
Sweden,SWE,1996,4.876396885
Sweden,SWE,1997,4.169579434
Sweden,SWE,1998,4.276857175
Sweden,SWE,1999,4.148540516
Sweden,SWE,2000,3.699617203
Sweden,SWE,2001,0.102270173
Sweden,SWE,2002,0.265665284
Sweden,SWE,2003,0.40554128
Sweden,SWE,2004,0.231342454
Sweden,SWE,2005,-0.10952539
Sweden,SWE,2006,4.803210202
Sweden,SWE,2007,4.577103569
Sweden,SWE,2008,4.335210048
Sweden,SWE,2009,4.0481048
Sweden,SWE,2010,4.610223642
Sweden,SWE,2011,4.19034541
Sweden,SWE,2012,3.836319816
Sweden,SWE,2013,3.632771886
Sweden,SWE,2014,3.594717293
Sweden,SWE,2015,3.5453149
Sweden,SWE,2016,3.611224075
Switzerland,CHE,1990,6.230272058
Switzerland,CHE,1991,6.52180384
Switzerland,CHE,1992,6.459590755
Switzerland,CHE,1993,6.053282865
Switzerland,CHE,1994,5.877774575
Switzerland,CHE,1995,5.954831332
Switzerland,CHE,1996,5.990338164
Switzerland,CHE,1997,5.782996181
Switzerland,CHE,1998,5.975747321
Switzerland,CHE,1999,5.998594519
Switzerland,CHE,2000,5.863661814
Switzerland,CHE,2001,6.081626968
Switzerland,CHE,2002,5.826869806
Switzerland,CHE,2003,5.960374243
Switzerland,CHE,2004,5.96941562
Switzerland,CHE,2005,5.998375525
Switzerland,CHE,2006,5.642263341
Switzerland,CHE,2007,5.336340719
Switzerland,CHE,2008,5.455857274
Switzerland,CHE,2009,5.221674877
Switzerland,CHE,2010,5.364323217
Switzerland,CHE,2011,5.006955862
Switzerland,CHE,2012,5.117382617
Switzerland,CHE,2013,5.179430263
Switzerland,CHE,2014,4.661223495
Switzerland,CHE,2015,4.517295408
Switzerland,CHE,2016,4.551312649
Syria,SYR,1990,2.249718785
Syria,SYR,1991,2.38704643
Syria,SYR,1992,2.264937822
Syria,SYR,1993,2.157021747
Syria,SYR,1994,2.174910394
Syria,SYR,1995,2.23980481
Syria,SYR,1996,2.38782703
Syria,SYR,1997,2.345304778
Syria,SYR,1998,2.467307692
Syria,SYR,1999,2.359185713
Syria,SYR,2000,2.313692036
Syria,SYR,2001,2.370131807
Syria,SYR,2002,2.365817969
Syria,SYR,2003,2.337065748
Syria,SYR,2004,2.419789096
Syria,SYR,2005,2.945373346
Syria,SYR,2006,2.969200902
Syria,SYR,2007,2.992252742
Syria,SYR,2008,2.968447542
Syria,SYR,2009,2.668584363
Syria,SYR,2010,2.657866405
Syria,SYR,2011,2.518262024
Syria,SYR,2012,2.022603846
Syria,SYR,2013,1.610481152
Syria,SYR,2014,1.483084816
Syria,SYR,2015,1.479135411
Syria,SYR,2016,1.529829383
Tajikistan,TJK,1990,2.098788796
Tajikistan,TJK,1991,1.90520274
Tajikistan,TJK,1992,1.41221374
Tajikistan,TJK,1993,0.935097443
Tajikistan,TJK,1994,0.542349005
Tajikistan,TJK,1995,0.45793582
Tajikistan,TJK,1996,0.394804307
Tajikistan,TJK,1997,0.439541933
Tajikistan,TJK,1998,0.481168077
Tajikistan,TJK,1999,0.424836601
Tajikistan,TJK,2000,0.371621622
Tajikistan,TJK,2001,0.337078652
Tajikistan,TJK,2002,0.332970282
Tajikistan,TJK,2003,0.331702843
Tajikistan,TJK,2004,0.38727109
Tajikistan,TJK,2005,0.354986007
Tajikistan,TJK,2006,0.378448649
Tajikistan,TJK,2007,0.457312757
Tajikistan,TJK,2008,0.41331484
Tajikistan,TJK,2009,0.323150034
Tajikistan,TJK,2010,0.321509233
Tajikistan,TJK,2011,0.327357755
Tajikistan,TJK,2012,0.380952381
Tajikistan,TJK,2013,0.390818859
Tajikistan,TJK,2014,0.539197867
Tajikistan,TJK,2015,0.561864206
Tajikistan,TJK,2016,0.617497692
Tanzania,TZA,1990,8.990239645
Tanzania,TZA,1991,8.692098093
Tanzania,TZA,1992,8.400652795
Tanzania,TZA,1993,8.125291354
Tanzania,TZA,1994,7.873094155
Tanzania,TZA,1995,7.669398631
Tanzania,TZA,1996,7.658071933
Tanzania,TZA,1997,7.119866637
Tanzania,TZA,1998,7.269765694
Tanzania,TZA,1999,6.979071048
Tanzania,TZA,2000,6.313919819
Tanzania,TZA,2001,6.798697144
Tanzania,TZA,2002,6.380076411
Tanzania,TZA,2003,6.571908195
Tanzania,TZA,2004,6.469502408
Tanzania,TZA,2005,6.482964889
Tanzania,TZA,2006,5.772838757
Tanzania,TZA,2007,5.775915046
Tanzania,TZA,2008,5.669231137
Tanzania,TZA,2009,5.32920091
Tanzania,TZA,2010,5.149390038
Tanzania,TZA,2011,4.818058414
Tanzania,TZA,2012,4.549337981
Tanzania,TZA,2013,4.349153311
Tanzania,TZA,2014,4.216488861
Tanzania,TZA,2015,4.203911971
Tanzania,TZA,2016,3.970103112
Thailand,THA,1990,1.765444323
Thailand,THA,1991,1.903305843
Thailand,THA,1992,2.053761395
Thailand,THA,1993,2.286331379
Thailand,THA,1994,2.504798301
Thailand,THA,1995,2.791296013
Thailand,THA,1996,3.071511725
Thailand,THA,1997,3.088402058
Thailand,THA,1998,2.710562637
Thailand,THA,1999,2.786722098
Thailand,THA,2000,2.768255683
Thailand,THA,2001,2.770109696
Thailand,THA,2002,2.923722861
Thailand,THA,2003,3.021223857
Thailand,THA,2004,3.29994615
Thailand,THA,2005,3.3678305
Thailand,THA,2006,3.299955936
Thailand,THA,2007,3.37221601
Thailand,THA,2008,3.418256151
Thailand,THA,2009,3.295796133
Thailand,THA,2010,3.496391101
Thailand,THA,2011,3.679018928
Thailand,THA,2012,3.919600212
Thailand,THA,2013,4.054589478
Thailand,THA,2014,3.987346396
Thailand,THA,2015,4.033326057
Thailand,THA,2016,3.967899552
Togo,TGO,1990,2.027027027
Togo,TGO,1991,1.957028216
Togo,TGO,1992,1.882919412
Togo,TGO,1993,1.821792008
Togo,TGO,1994,1.836932783
Togo,TGO,1995,1.810222433
Togo,TGO,1996,1.832605197
Togo,TGO,1997,1.662951404
Togo,TGO,1998,1.690414508
Togo,TGO,1999,1.751046025
Togo,TGO,2000,1.600324939
Togo,TGO,2001,1.534663243
Togo,TGO,2002,1.531652877
Togo,TGO,2003,1.577565185
Togo,TGO,2004,1.521580102
Togo,TGO,2005,1.487883108
Togo,TGO,2006,1.395106715
Togo,TGO,2007,1.344594595
Togo,TGO,2008,1.320072333
Togo,TGO,2009,1.487761958
Togo,TGO,2010,1.418561196
Togo,TGO,2011,1.376591874
Togo,TGO,2012,1.293179805
Togo,TGO,2013,1.255212078
Togo,TGO,2014,1.231437377
Togo,TGO,2015,1.265874642
Togo,TGO,2016,1.247669774
Tonga,TON,1990,0.842105263
Tonga,TON,1991,1.052631579
Tonga,TON,1992,0.736842105
Tonga,TON,1993,0.833333333
Tonga,TON,1994,0.9375
Tonga,TON,1995,1.041666667
Tonga,TON,1996,0.833333333
Tonga,TON,1997,1.030927835
Tonga,TON,1998,0.927835052
Tonga,TON,1999,1.134020619
Tonga,TON,2000,1.020408163
Tonga,TON,2001,0.918367347
Tonga,TON,2002,1.01010101
Tonga,TON,2003,1.2
Tonga,TON,2004,1.1
Tonga,TON,2005,1.089108911
Tonga,TON,2006,-3.725490196
Tonga,TON,2007,-3.786407767
Tonga,TON,2008,-3.786407767
Tonga,TON,2009,-3.557692308
Tonga,TON,2010,-3.75
Tonga,TON,2011,0.961538462
Tonga,TON,2012,1.067961165
Tonga,TON,2013,1.078431373
Tonga,TON,2014,1.188118812
Tonga,TON,2015,1.386138614
Tonga,TON,2016,1.386138614
Trinidad and Tobago,TTO,1990,11.79361179
Trinidad and Tobago,TTO,1991,10.80553295
Trinidad and Tobago,TTO,1992,9.902991108
Trinidad and Tobago,TTO,1993,10.28135048
Trinidad and Tobago,TTO,1994,10.672
Trinidad and Tobago,TTO,1995,10.75757576
Trinidad and Tobago,TTO,1996,10.80286169
Trinidad and Tobago,TTO,1997,11.15079365
Trinidad and Tobago,TTO,1998,11.41838352
Trinidad and Tobago,TTO,1999,11.48734177
Trinidad and Tobago,TTO,2000,11.86266772
Trinidad and Tobago,TTO,2001,12.72012579
Trinidad and Tobago,TTO,2002,13.27329679
Trinidad and Tobago,TTO,2003,12.23520249
Trinidad and Tobago,TTO,2004,12.56589147
Trinidad and Tobago,TTO,2005,15.6095679
Trinidad and Tobago,TTO,2006,17.30621642
Trinidad and Tobago,TTO,2007,18.58562691
Trinidad and Tobago,TTO,2008,18.02891933
Trinidad and Tobago,TTO,2009,16.83573051
Trinidad and Tobago,TTO,2010,18.34337349
Trinidad and Tobago,TTO,2011,17.46257485
Trinidad and Tobago,TTO,2012,17.07063197
Trinidad and Tobago,TTO,2013,17.65140325
Trinidad and Tobago,TTO,2014,17.18795888
Trinidad and Tobago,TTO,2015,15.99270073
Trinidad and Tobago,TTO,2016,15.46444122
Tunisia,TUN,1990,1.589227223
Tunisia,TUN,1991,1.627906977
Tunisia,TUN,1992,1.686788948
Tunisia,TUN,1993,1.803092315
Tunisia,TUN,1994,1.783006244
Tunisia,TUN,1995,1.790684932
Tunisia,TUN,1996,1.830149995
Tunisia,TUN,1997,1.861628526
Tunisia,TUN,1998,1.920084122
Tunisia,TUN,1999,1.995007281
Tunisia,TUN,2000,2.083848372
Tunisia,TUN,2001,2.164590566
Tunisia,TUN,2002,2.15479688
Tunisia,TUN,2003,2.149824032
Tunisia,TUN,2004,2.230093794
Tunisia,TUN,2005,2.248936381
Tunisia,TUN,2006,2.312518381
Tunisia,TUN,2007,2.331877729
Tunisia,TUN,2008,2.335317841
Tunisia,TUN,2009,2.331369941
Tunisia,TUN,2010,2.532204984
Tunisia,TUN,2011,2.362688512
Tunisia,TUN,2012,2.434774592
Tunisia,TUN,2013,2.413037524
Tunisia,TUN,2014,2.57615475
Tunisia,TUN,2015,2.617173524
Tunisia,TUN,2016,2.553078556
Turkey,TUR,1990,2.184451615
Turkey,TUR,1991,2.231359749
Turkey,TUR,1992,2.301924698
Turkey,TUR,1993,2.367529212
Turkey,TUR,1994,2.300396081
Turkey,TUR,1995,2.509318469
Turkey,TUR,1996,2.759705838
Turkey,TUR,1997,2.850446392
Turkey,TUR,1998,2.810696233
Turkey,TUR,1999,2.752259701
Turkey,TUR,2000,3.085388994
Turkey,TUR,2001,2.615434945
Turkey,TUR,2002,2.735589838
Turkey,TUR,2003,2.863108838
Turkey,TUR,2004,2.905642357
Turkey,TUR,2005,3.020779642
Turkey,TUR,2006,2.999112818
Turkey,TUR,2007,3.363657268
Turkey,TUR,2008,3.298967608
Turkey,TUR,2009,3.265938503
Turkey,TUR,2010,3.347988994
Turkey,TUR,2011,3.442942146
Turkey,TUR,2012,3.536188397
Turkey,TUR,2013,3.336450445
Turkey,TUR,2014,3.571197348
Turkey,TUR,2015,3.651517274
Turkey,TUR,2016,3.878964774
Turkmenistan,TKM,1990,12.10640608
Turkmenistan,TKM,1991,9.976247031
Turkmenistan,TKM,1992,7.217948718
Turkmenistan,TKM,1993,6.644228372
Turkmenistan,TKM,1994,7.990279465
Turkmenistan,TKM,1995,7.956273764
Turkmenistan,TKM,1996,6.923256356
Turkmenistan,TKM,1997,6.884041332
Turkmenistan,TKM,1998,6.929526399
Turkmenistan,TKM,1999,8.011643529
Turkmenistan,TKM,2000,8.166519043
Turkmenistan,TKM,2001,8.280017528
Turkmenistan,TKM,2002,8.587852495
Turkmenistan,TKM,2003,9.469501718
Turkmenistan,TKM,2004,9.893684882
Turkmenistan,TKM,2005,10.10725552
Turkmenistan,TKM,2006,10.33679834
Turkmenistan,TKM,2007,11.53182752
Turkmenistan,TKM,2008,11.52552674
Turkmenistan,TKM,2009,10.06789137
Turkmenistan,TKM,2010,11.27186947
Turkmenistan,TKM,2011,12.25550831
Turkmenistan,TKM,2012,12.58731967
Turkmenistan,TKM,2013,12.62951919
Turkmenistan,TKM,2014,12.70947677
Turkmenistan,TKM,2015,12.88948787
Turkmenistan,TKM,2016,12.65100671
Tuvalu,TUV,1990,1.111111111
Tuvalu,TUV,1991,1.111111111
Tuvalu,TUV,1992,1.111111111
Tuvalu,TUV,1993,1.111111111
Tuvalu,TUV,1994,1.111111111
Tuvalu,TUV,1995,1.111111111
Tuvalu,TUV,1996,1.111111111
Tuvalu,TUV,1997,1.111111111
Tuvalu,TUV,1998,1.111111111
Tuvalu,TUV,1999,1.111111111
Tuvalu,TUV,2000,1.111111111
Tuvalu,TUV,2001,1.111111111
Tuvalu,TUV,2002,1
Tuvalu,TUV,2003,1
Tuvalu,TUV,2004,1
Tuvalu,TUV,2005,1
Tuvalu,TUV,2006,0
Tuvalu,TUV,2007,1
Tuvalu,TUV,2008,1
Tuvalu,TUV,2009,1
Tuvalu,TUV,2010,0
Tuvalu,TUV,2011,0.909090909
Tuvalu,TUV,2012,0.909090909
Tuvalu,TUV,2013,0.909090909
Tuvalu,TUV,2014,0.909090909
Tuvalu,TUV,2015,0
Tuvalu,TUV,2016,0
Uganda,UGA,1990,1.255042065
Uganda,UGA,1991,1.214214103
Uganda,UGA,1992,1.174442409
Uganda,UGA,1993,1.136837714
Uganda,UGA,1994,1.097302213
Uganda,UGA,1995,1.075295155
Uganda,UGA,1996,1.048352589
Uganda,UGA,1997,1.003463403
Uganda,UGA,1998,1.011619039
Uganda,UGA,1999,0.964621819
Uganda,UGA,2000,0.944608879
Uganda,UGA,2001,0.85940383
Uganda,UGA,2002,0.906742957
Uganda,UGA,2003,0.915669143
Uganda,UGA,2004,0.911971962
Uganda,UGA,2005,0.909878996
Uganda,UGA,2006,1.04266564
Uganda,UGA,2007,0.938750594
Uganda,UGA,2008,0.957216088
Uganda,UGA,2009,0.945210277
Uganda,UGA,2010,0.915566794
Uganda,UGA,2011,0.919138513
Uganda,UGA,2012,0.880812524
Uganda,UGA,2013,0.882476537
Uganda,UGA,2014,0.860695709
Uganda,UGA,2015,0.859908437
Uganda,UGA,2016,0.803803375
Ukraine,UKR,1990,12.4475837
Ukraine,UKR,1991,11.73490605
Ukraine,UKR,1992,10.27929049
Ukraine,UKR,1993,8.830384286
Ukraine,UKR,1994,7.224720419
Ukraine,UKR,1995,6.935604275
Ukraine,UKR,1996,5.896204033
Ukraine,UKR,1997,5.583916154
Ukraine,UKR,1998,5.252980079
Ukraine,UKR,1999,5.228347096
Ukraine,UKR,2000,5.099103157
Ukraine,UKR,2001,5.709268212
Ukraine,UKR,2002,5.912880367
Ukraine,UKR,2003,6.433315119
Ukraine,UKR,2004,5.992121482
Ukraine,UKR,2005,5.775948476
Ukraine,UKR,2006,6.045014697
Ukraine,UKR,2007,6.270327395
Ukraine,UKR,2008,6.074871639
Ukraine,UKR,2009,5.028387462
Ukraine,UKR,2010,5.391334731
Ukraine,UKR,2011,6.088119246
Ukraine,UKR,2012,6.015312184
Ukraine,UKR,2013,5.764347384
Ukraine,UKR,2014,5.207040255
Ukraine,UKR,2015,4.236009082
Ukraine,UKR,2016,4.349420763
United Arab Emirates,ARE,1990,29.68271335
United Arab Emirates,ARE,1991,31.17191533
United Arab Emirates,ARE,1992,28.49488553
United Arab Emirates,ARE,1993,28.05798435
United Arab Emirates,ARE,1994,29.26765475
United Arab Emirates,ARE,1995,29.62318841
United Arab Emirates,ARE,1996,29.38558488
United Arab Emirates,ARE,1997,30.0935979
United Arab Emirates,ARE,1998,29.40632776
United Arab Emirates,ARE,1999,28.58732299
United Arab Emirates,ARE,2000,26.61774091
United Arab Emirates,ARE,2001,29.07054193
United Arab Emirates,ARE,2002,28.17476286
United Arab Emirates,ARE,2003,27.85829741
United Arab Emirates,ARE,2004,26.99680511
United Arab Emirates,ARE,2005,25.30950305
United Arab Emirates,ARE,2006,22.85471698
United Arab Emirates,ARE,2007,21.30329065
United Arab Emirates,ARE,2008,21.99605022
United Arab Emirates,ARE,2009,19.82063913
United Arab Emirates,ARE,2010,19.01637427
United Arab Emirates,ARE,2011,18.57158824
United Arab Emirates,ARE,2012,19.19711223
United Arab Emirates,ARE,2013,19.99456404
United Arab Emirates,ARE,2014,19.93054048
United Arab Emirates,ARE,2015,20.92626579
United Arab Emirates,ARE,2016,21.26268561
United Kingdom,GBR,1990,9.52077572
United Kingdom,GBR,1991,9.732244157
United Kingdom,GBR,1992,9.403961982
United Kingdom,GBR,1993,9.162355474
United Kingdom,GBR,1994,9.047833388
United Kingdom,GBR,1995,8.830352827
United Kingdom,GBR,1996,9.153732319
United Kingdom,GBR,1997,8.740631485
United Kingdom,GBR,1998,8.755939156
United Kingdom,GBR,1999,8.679405954
United Kingdom,GBR,2000,8.782139402
United Kingdom,GBR,2001,8.995162709
United Kingdom,GBR,2002,8.722988235
United Kingdom,GBR,2003,8.902973422
United Kingdom,GBR,2004,8.844888347
United Kingdom,GBR,2005,8.756303079
United Kingdom,GBR,2006,8.70883412
United Kingdom,GBR,2007,8.42209747
United Kingdom,GBR,2008,8.083997104
United Kingdom,GBR,2009,7.212274587
United Kingdom,GBR,2010,7.403561298
United Kingdom,GBR,2011,6.744400362
United Kingdom,GBR,2012,7.045641224
United Kingdom,GBR,2013,6.775360089
United Kingdom,GBR,2014,6.146462253
United Kingdom,GBR,2015,5.880048588
United Kingdom,GBR,2016,5.5031826
United States,USA,1990,17.91448517
United States,USA,1991,17.59930643
United States,USA,1992,17.7117092
United States,USA,1993,18.00155665
United States,USA,1994,18.09331929
United States,USA,1995,18.09631021
United States,USA,1996,18.2878486
United States,USA,1997,18.99552582
United States,USA,1998,18.93242427
United States,USA,1999,18.83524563
United States,USA,2000,19.14930495
United States,USA,2001,18.82030723
United States,USA,2002,18.20895316
United States,USA,2003,18.20389489
United States,USA,2004,18.49227772
United States,USA,2005,18.28783057
United States,USA,2006,17.79969659
United States,USA,2007,18.20048036
United States,USA,2008,17.07185744
United States,USA,2009,15.65646343
United States,USA,2010,16.27333613
United States,USA,2011,16.51053969
United States,USA,2012,15.5422807
United States,USA,2013,15.8262146
United States,USA,2014,15.80491641
United States,USA,2015,15.2943167
United States,USA,2016,14.83363053
Uruguay,URY,1990,-6.98392283
Uruguay,URY,1991,-6.775223499
Uruguay,URY,1992,-6.601141408
Uruguay,URY,1993,-6.645689113
Uruguay,URY,1994,-6.660418619
Uruguay,URY,1995,-6.473325062
Uruguay,URY,1996,-6.202648599
Uruguay,URY,1997,-6.116207951
Uruguay,URY,1998,-6.031601337
Uruguay,URY,1999,-5.680169287
Uruguay,URY,2000,-6.063253012
Uruguay,URY,2001,-2.688721805
Uruguay,URY,2002,-2.811184606
Uruguay,URY,2003,-2.806859206
Uruguay,URY,2004,-2.538392051
Uruguay,URY,2005,-2.507525587
Uruguay,URY,2006,-3.90075188
Uruguay,URY,2007,-4.042617047
Uruguay,URY,2008,-3.464071856
Uruguay,URY,2009,-3.402985075
Uruguay,URY,2010,-3.870199464
Uruguay,URY,2011,-0.863757792
Uruguay,URY,2012,-0.585972181
Uruguay,URY,2013,-0.911773384
Uruguay,URY,2014,-1.147058824
Uruguay,URY,2015,-1.122508792
Uruguay,URY,2016,-1.150700935
Uzbekistan,UZB,1990,5.517697814
Uzbekistan,UZB,1991,5.57098396
Uzbekistan,UZB,1992,5.212631579
Uzbekistan,UZB,1993,5.136766993
Uzbekistan,UZB,1994,4.755999284
Uzbekistan,UZB,1995,4.118731078
Uzbekistan,UZB,1996,4.080086114
Uzbekistan,UZB,1997,4.06641286
Uzbekistan,UZB,1998,4.660509236
Uzbekistan,UZB,1999,4.633786662
Uzbekistan,UZB,2000,4.570448123
Uzbekistan,UZB,2001,4.564897049
Uzbekistan,UZB,2002,4.672643624
Uzbekistan,UZB,2003,4.432405142
Uzbekistan,UZB,2004,4.282153539
Uzbekistan,UZB,2005,4.044952323
Uzbekistan,UZB,2006,4.123638263
Uzbekistan,UZB,2007,4.084910862
Uzbekistan,UZB,2008,4.029029573
Uzbekistan,UZB,2009,3.612684839
Uzbekistan,UZB,2010,3.478748773
Uzbekistan,UZB,2011,3.201504642
Uzbekistan,UZB,2012,3.210974906
Uzbekistan,UZB,2013,2.780877293
Uzbekistan,UZB,2014,2.793334648
Uzbekistan,UZB,2015,2.442935661
Uzbekistan,UZB,2016,2.29819986
Vanuatu,VUT,1990,0.272108844
Vanuatu,VUT,1991,0.264900662
Vanuatu,VUT,1992,0.258064516
Vanuatu,VUT,1993,0.25
Vanuatu,VUT,1994,0.243902439
Vanuatu,VUT,1995,0.238095238
Vanuatu,VUT,1996,0.348837209
Vanuatu,VUT,1997,0.342857143
Vanuatu,VUT,1998,0.337078652
Vanuatu,VUT,1999,0.331491713
Vanuatu,VUT,2000,0.324324324
Vanuatu,VUT,2001,0.37037037
Vanuatu,VUT,2002,0.360824742
Vanuatu,VUT,2003,0.351758794
Vanuatu,VUT,2004,0.196078431
Vanuatu,VUT,2005,0.19138756
Vanuatu,VUT,2006,0.093457944
Vanuatu,VUT,2007,0.319634703
Vanuatu,VUT,2008,0.311111111
Vanuatu,VUT,2009,0.434782609
Vanuatu,VUT,2010,0.423728814
Vanuatu,VUT,2011,0.49382716
Vanuatu,VUT,2012,0.4
Vanuatu,VUT,2013,0.350194553
Vanuatu,VUT,2014,0.53030303
Vanuatu,VUT,2015,0.553505535
Vanuatu,VUT,2016,0.539568345
Venezuela,VEN,1990,11.26674477
Venezuela,VEN,1991,10.9723328
Venezuela,VEN,1992,10.84103512
Venezuela,VEN,1993,10.85787696
Venezuela,VEN,1994,10.63562282
Venezuela,VEN,1995,10.71588163
Venezuela,VEN,1996,10.81077459
Venezuela,VEN,1997,10.81530782
Venezuela,VEN,1998,10.50624758
Venezuela,VEN,1999,9.772114575
Venezuela,VEN,2000,9.92146164
Venezuela,VEN,2001,10.87600422
Venezuela,VEN,2002,9.914342629
Venezuela,VEN,2003,10.220335
Venezuela,VEN,2004,9.712274493
Venezuela,VEN,2005,10.32233656
Venezuela,VEN,2006,5.711731844
Venezuela,VEN,2007,5.86868761
Venezuela,VEN,2008,6.708279056
Venezuela,VEN,2009,6.497806
Venezuela,VEN,2010,7.300984529
Venezuela,VEN,2011,7.931320964
Venezuela,VEN,2012,8.522189299
Venezuela,VEN,2013,8.835499144
Venezuela,VEN,2014,8.454881337
Venezuela,VEN,2015,8.25443787
Venezuela,VEN,2016,8.164550601
Vietnam,VNM,1990,-0.452426128
Vietnam,VNM,1991,-0.444431643
Vietnam,VNM,1992,-0.421116488
Vietnam,VNM,1993,-0.345089903
Vietnam,VNM,1994,-0.304815956
Vietnam,VNM,1995,-0.251234815
Vietnam,VNM,1996,-0.199161288
Vietnam,VNM,1997,-0.119922731
Vietnam,VNM,1998,-0.056070459
Vietnam,VNM,1999,-0.051622046
Vietnam,VNM,2000,0.011638093
Vietnam,VNM,2001,0.419850637
Vietnam,VNM,2002,0.573871023
Vietnam,VNM,2003,0.588564069
Vietnam,VNM,2004,0.755450682
Vietnam,VNM,2005,0.839168347
Vietnam,VNM,2006,0.999432745
Vietnam,VNM,2007,1.102903301
Vietnam,VNM,2008,1.233259511
Vietnam,VNM,2009,1.38152758
Vietnam,VNM,2010,1.569889051
Vietnam,VNM,2011,1.408558472
Vietnam,VNM,2012,1.374245562
Vietnam,VNM,2013,1.449208291
Vietnam,VNM,2014,1.582746364
Vietnam,VNM,2015,1.854181728
Vietnam,VNM,2016,2.073579667
World,OWID_WRL,1990,4.653265479
World,OWID_WRL,1991,4.615983831
World,OWID_WRL,1992,4.533252037
World,OWID_WRL,1993,4.489697944
World,OWID_WRL,1994,4.44988207
World,OWID_WRL,1995,4.496548097
World,OWID_WRL,1996,4.452563314
World,OWID_WRL,1997,4.571364885
World,OWID_WRL,1998,4.457670473
World,OWID_WRL,1999,4.386984013
World,OWID_WRL,2000,4.435313091
World,OWID_WRL,2001,4.513095648
World,OWID_WRL,2002,4.622935629
World,OWID_WRL,2003,4.691639545
World,OWID_WRL,2004,4.864042261
World,OWID_WRL,2005,4.940895717
World,OWID_WRL,2006,4.896893008
World,OWID_WRL,2007,4.947090892
World,OWID_WRL,2008,4.926639074
World,OWID_WRL,2009,4.849145929
World,OWID_WRL,2010,4.996463858
World,OWID_WRL,2011,5.079652695
World,OWID_WRL,2012,5.072134707
World,OWID_WRL,2013,5.099756153
World,OWID_WRL,2014,5.071991043
World,OWID_WRL,2015,5.03286202
World,OWID_WRL,2016,4.916968348
Yemen,YEM,1990,0.567890692
Yemen,YEM,1991,0.686880182
Yemen,YEM,1992,0.704801606
Yemen,YEM,1993,0.596303359
Yemen,YEM,1994,0.595887537
Yemen,YEM,1995,0.659826997
Yemen,YEM,1996,0.653565195
Yemen,YEM,1997,0.681647471
Yemen,YEM,1998,0.71550152
Yemen,YEM,1999,0.778322794
Yemen,YEM,2000,0.794991097
Yemen,YEM,2001,0.841053689
Yemen,YEM,2002,0.82303188
Yemen,YEM,2003,0.91440611
Yemen,YEM,2004,0.939099284
Yemen,YEM,2005,0.961854081
Yemen,YEM,2006,0.93870843
Yemen,YEM,2007,0.969318235
Yemen,YEM,2008,1.007674036
Yemen,YEM,2009,1.140522295
Yemen,YEM,2010,1.036493198
Yemen,YEM,2011,0.868615591
Yemen,YEM,2012,0.803334287
Yemen,YEM,2013,1.0458504
Yemen,YEM,2014,1.034349224
Yemen,YEM,2015,0.524945279
Yemen,YEM,2016,0.43102179
Zambia,ZMB,1990,42.22968769
Zambia,ZMB,1991,41.16405966
Zambia,ZMB,1992,40.16921074
Zambia,ZMB,1993,39.18322551
Zambia,ZMB,1994,38.18940248
Zambia,ZMB,1995,37.23755084
Zambia,ZMB,1996,33.46573876
Zambia,ZMB,1997,29.73327777
Zambia,ZMB,1998,29.46989661
Zambia,ZMB,1999,25.94911744
Zambia,ZMB,2000,28.65495392
Zambia,ZMB,2001,26.75645342
Zambia,ZMB,2002,29.79766679
Zambia,ZMB,2003,30.37931953
Zambia,ZMB,2004,30.47182062
Zambia,ZMB,2005,34.43404184
Zambia,ZMB,2006,28.6323312
Zambia,ZMB,2007,25.98976246
Zambia,ZMB,2008,26.35535839
Zambia,ZMB,2009,22.45100265
Zambia,ZMB,2010,24.2268117
Zambia,ZMB,2011,21.64158882
Zambia,ZMB,2012,21.98064293
Zambia,ZMB,2013,21.90259262
Zambia,ZMB,2014,19.91363636
Zambia,ZMB,2015,20.73241388
Zambia,ZMB,2016,21.1232659
Zimbabwe,ZWE,1990,5.199386503
Zimbabwe,ZWE,1991,5.243891021
Zimbabwe,ZWE,1992,5.157325016
Zimbabwe,ZWE,1993,4.945461102
Zimbabwe,ZWE,1994,4.767359261
Zimbabwe,ZWE,1995,4.66654982
Zimbabwe,ZWE,1996,4.562862837
Zimbabwe,ZWE,1997,4.42804428
Zimbabwe,ZWE,1998,4.409636503
Zimbabwe,ZWE,1999,4.530153091
Zimbabwe,ZWE,2000,4.331285245
Zimbabwe,ZWE,2001,4.332438779
Zimbabwe,ZWE,2002,4.197758073
Zimbabwe,ZWE,2003,3.997663161
Zimbabwe,ZWE,2004,3.955074875
Zimbabwe,ZWE,2005,3.997681543
Zimbabwe,ZWE,2006,3.907856849
Zimbabwe,ZWE,2007,3.865861619
Zimbabwe,ZWE,2008,3.657512116
Zimbabwe,ZWE,2009,3.608206274
Zimbabwe,ZWE,2010,3.720270909
Zimbabwe,ZWE,2011,3.686210641
Zimbabwe,ZWE,2012,3.668318719
Zimbabwe,ZWE,2013,3.618726592
Zimbabwe,ZWE,2014,3.536468683
Zimbabwe,ZWE,2015,3.499819037
Zimbabwe,ZWE,2016,3.339272986
